City,Attraction,Type,Latitude,Longitude,Indoor/Outdoor
London,Buckingham Palace,Historic,51.5014,-0.1419,Indoor
London,Tower of London,Historic,51.5081,-0.0759,Indoor
London,Big Ben,Landmark,51.5007,-0.1246,Outdoor
London,London Eye,Landmark,51.5033,-0.1196,Outdoor
London,British Museum,Museum,51.5194,-0.1270,Indoor
London,National Gallery,Museum,51.5089,-0.1283,Indoor
London,Tate Modern,Museum,51.5076,-0.0994,Indoor
London,Hyde Park,Park,51.5073,-0.1657,Outdoor
London,Regent's Park,Park,51.5313,-0.1569,Outdoor
London,St. Paul's Cathedral,Historic,51.5138,-0.0984,Indoor
London,Westminster Abbey,Historic,51.4993,-0.1273,Indoor
London,Shakespeare's Globe,Historic,51.5081,-0.0975,Indoor
London,Victoria and Albert Museum,Museum,51.4966,-0.1722,Indoor
London,Science Museum,Museum,51.4978,-0.1745,Indoor
London,Natural History Museum,Museum,51.4967,-0.1764,Indoor
London,Camden Market,Neighborhood,51.5416,-0.1420,Outdoor
London,Covent Garden,Neighborhood,51.5129,-0.1245,Outdoor
London,Piccadilly Circus,Landmark,51.5101,-0.1337,Outdoor
London,Greenwich Park,Park,51.4769,0.0005,Outdoor
London,Kew Gardens,Park,51.4780,-0.2956,Outdoor
London,Leadenhall Market,Neighborhood,51.5146,-0.0801,Indoor
London,Canary Wharf,Neighborhood,51.5054,-0.0235,Outdoor
London,Notting Hill,Neighborhood,51.5096,-0.1965,Outdoor
London,Oxford Street,Neighborhood,51.5154,-0.1410,Indoor
London,Harrods,Shopping,51.4995,-0.1630,Indoor
Paris,Eiffel Tower,Landmark,48.8584,2.2945,Outdoor
Paris,Louvre Museum,Museum,48.8606,2.3376,Indoor
Paris,Notre-Dame Cathedral,Historic,48.8529,2.3500,Indoor
Paris,Sainte-Chapelle,Historic,48.8554,2.3450,Indoor
Paris,Montmartre,Neighborhood,48.8867,2.3431,Outdoor
Paris,Champs-Élysées,Neighborhood,48.8698,2.3073,Outdoor
Paris,Arc de Triomphe,Landmark,48.8738,2.2950,Outdoor
Paris,Palace of Versailles,Historic,48.8049,2.1204,Indoor
Paris,Musée d'Orsay,Museum,48.8600,2.3266,Indoor
Paris,Centre Pompidou,Museum,48.8606,2.3522,Indoor
Paris,Place de la Concorde,Landmark,48.8656,2.3212,Outdoor
Paris,Panthéon,Historic,48.8462,2.3460,Indoor
Paris,Latin Quarter,Neighborhood,48.8500,2.3448,Outdoor
Paris,Jardin du Luxembourg,Park,48.8462,2.3372,Outdoor
Paris,Tuileries Garden,Park,48.8635,2.3271,Outdoor
Paris,Père Lachaise Cemetery,Historic,48.8614,2.3933,Outdoor
Paris,Moulin Rouge,Historic,48.8841,2.3325,Indoor
Paris,Opéra Garnier,Historic,48.8719,2.3316,Indoor
Paris,Saint-Germain-des-Prés,Neighborhood,48.8546,2.3331,Outdoor
Paris,Le Marais,Neighborhood,48.8574,2.3581,Outdoor
Paris,La Défense,Neighborhood,48.8924,2.2370,Outdoor
Paris,Basilique du Sacré-Cœur,Historic,48.8867,2.3431,Indoor
Paris,Musée Rodin,Museum,48.8555,2.3159,Indoor
Paris,Musée de l'Orangerie,Museum,48.8638,2.3226,Indoor
Paris,Parc des Buttes-Chaumont,Park,48.8809,2.3825,Outdoor
Tokyo,Tokyo Tower,Landmark,35.6586,139.7454,Outdoor
Tokyo,Senso-ji Temple,Historic,35.7148,139.7967,Indoor
Tokyo,Meiji Shrine,Historic,35.6764,139.6993,Indoor
Tokyo,Tokyo Skytree,Landmark,35.7101,139.8107,Outdoor
Tokyo,Shinjuku Gyoen,Park,35.6852,139.7101,Outdoor
Tokyo,Tsukiji Market,Neighborhood,35.6655,139.7708,Indoor
Tokyo,Ueno Park,Park,35.7148,139.7740,Outdoor
Tokyo,Ginza,Neighborhood,35.6719,139.7640,Outdoor
Tokyo,Imperial Palace,Historic,35.6852,139.7528,Indoor
Tokyo,Roppongi Hills,Neighborhood,35.6605,139.7292,Indoor
Tokyo,Akihabara,Neighborhood,35.7023,139.7745,Outdoor
Tokyo,Odaiba,Neighborhood,35.6269,139.7758,Outdoor
Tokyo,Nakamise Street,Neighborhood,35.7140,139.7960,Outdoor
Tokyo,Shibuya Crossing,Landmark,35.6595,139.7005,Outdoor
Tokyo,Tokyo Disneyland,Park,35.6329,139.8804,Outdoor
Tokyo,Tokyo National Museum,Museum,35.7188,139.7769,Indoor
Tokyo,Edo-Tokyo Museum,Museum,35.6969,139.7960,Indoor
Tokyo,Rikugien Garden,Park,35.7333,139.7401,Outdoor
Tokyo,Yasukuni Shrine,Historic,35.6939,139.7537,Indoor
Tokyo,Nikko Day Trip,Historic,36.7191,139.6983,Outdoor
Tokyo,Mount Takao,Park,35.6253,139.2437,Outdoor
Tokyo,TeamLab Borderless,Museum,35.6266,139.7766,Indoor
Tokyo,Omoide Yokocho,Neighborhood,35.6935,139.7014,Outdoor
Tokyo,Shinjuku Golden Gai,Neighborhood,35.6937,139.7026,Outdoor
Tokyo,Roppongi Art Triangle,Museum,35.6627,139.7309,Indoor
New York,Statue of Liberty,Landmark,40.6892,-74.0445,Outdoor
New York,Metropolitan Museum of Art,Museum,40.7794,-73.9632,Indoor
New York,Central Park,Park,40.7851,-73.9683,Outdoor
New York,Times Square,Neighborhood,40.7580,-73.9855,Outdoor
New York,Empire State Building,Landmark,40.7484,-73.9857,Indoor
New York,American Museum of Natural History,Museum,40.7813,-73.9739,Indoor
New York,One World Trade Center,Landmark,40.7127,-74.0134,Indoor
New York,Brooklyn Bridge,Landmark,40.7061,-73.9969,Outdoor
New York,High Line,Park,40.7479,-74.0048,Outdoor
New York,Bryant Park,Park,40.7536,-73.9832,Outdoor
New York,MOMA Museum,Museum,40.7614,-73.9776,Indoor
New York,Rockefeller Center,Landmark,40.7587,-73.9787,Indoor
New York,Fifth Avenue,Neighborhood,40.7745,-73.9654,Outdoor
New York,Coney Island,Park,40.5749,-73.9850,Outdoor
New York,Wall Street,Neighborhood,40.7074,-74.0113,Outdoor
New York,Grand Central Terminal,Historic,40.7527,-73.9772,Indoor
New York,Chrysler Building,Landmark,40.7516,-73.9755,Indoor
New York,Broadway Theaters,Neighborhood,40.7590,-73.9845,Indoor
New York,Brooklyn Botanic Garden,Park,40.6694,-73.9624,Outdoor
New York,St. Patrick's Cathedral,Historic,40.7585,-73.9750,Indoor
New York,Intrepid Sea Air Museum,Museum,40.7645,-73.9993,Indoor
New York,Washington Square Park,Park,40.7308,-73.9973,Outdoor
New York,Flatiron Building,Landmark,40.7411,-73.9897,Outdoor
New York,New York Public Library,Museum,40.7532,-73.9822,Indoor
New York,The Cloisters,Museum,40.8649,-73.9316,Indoor
Dubai,Burj Khalifa,Landmark,25.1972,55.2744,Indoor
Dubai,Burj Al Arab,Landmark,25.1412,55.1853,Indoor
Dubai,The Dubai Mall,Neighborhood,25.1972,55.2796,Indoor
Dubai,Dubai Fountain,Landmark,25.1975,55.2796,Outdoor
Dubai,Dubai Marina,Neighborhood,25.0780,55.1402,Outdoor
Dubai,Madinat Jumeirah,Neighborhood,25.1301,55.2168,Outdoor
Dubai,Jumeirah Beach,Park,25.1410,55.1853,Outdoor
Dubai,Souk Madinat,Neighborhood,25.1298,55.2180,Indoor
Dubai,Dubai Opera,Historic,25.2053,55.2722,Indoor
Dubai,Al Fahidi Historic District,Historic,25.2631,55.2979,Indoor
Dubai,Global Village,Neighborhood,25.0657,55.2390,Outdoor
Dubai,Ski Dubai,Park,25.1153,55.2003,Indoor
Dubai,Aquaventure Waterpark,Park,25.1305,55.1175,Outdoor
Dubai,Dubai Frame,Landmark,25.2345,55.3278,Outdoor
Dubai,Dubai Miracle Garden,Park,25.0641,55.2463,Outdoor
Dubai,IMG Worlds of Adventure,Park,25.1125,55.3103,Indoor
Dubai,City Walk,Neighborhood,25.2048,55.2694,Outdoor
Dubai,La Mer,Neighborhood,25.2220,55.2887,Outdoor
Dubai,Dubai Museum,Historic,25.2632,55.2970,Indoor
Dubai,Jumeirah Mosque,Historic,25.2289,55.2714,Indoor
Dubai,The Palm Jumeirah,Neighborhood,25.1120,55.1388,Outdoor
Dubai,Dubai Aquarium & Underwater Zoo,Park,25.1972,55.2786,Indoor
Dubai,Mall of the Emirates,Neighborhood,25.1180,55.2003,Indoor
Dubai,Alserkal Avenue,Neighborhood,25.2193,55.2965,Indoor
Dubai,Dubai Creek,Landmark,25.2697,55.3094,Outdoor
Rome,Colosseum,Historic,41.8902,12.4922,Outdoor
Rome,Vatican Museums,Museum,41.9065,12.4536,Indoor
Rome,St. Peter's Basilica,Historic,41.9022,12.4539,Indoor
Rome, Pantheon,Historic,41.8986,12.4769,Indoor
Rome,Trevi Fountain,Landmark,41.9009,12.4833,Outdoor
Rome,Spanish Steps,Landmark,41.9059,12.4823,Outdoor
Rome,Roman Forum,Historic,41.8925,12.4853,Outdoor
Rome,Castel Sant'Angelo,Historic,41.9039,12.4663,Indoor
Rome,Piazza Navona,Neighborhood,41.8992,12.4731,Outdoor
Rome,Borghese Gallery,Museum,41.9142,12.4922,Indoor
Rome,Basilica di Santa Maria Maggiore,Historic,41.8979,12.4989,Indoor
Rome,Campo de' Fiori,Neighborhood,41.8981,12.4723,Outdoor
Rome,Trastevere,Neighborhood,41.8896,12.4703,Outdoor
Rome,Janiculum Hill,Park,41.8948,12.4663,Outdoor
Rome,Villa Borghese Gardens,Park,41.9141,12.4922,Outdoor
Rome,Piazza Venezia,Neighborhood,41.8949,12.4853,Outdoor
Rome,Piazza del Popolo,Neighborhood,41.9100,12.4769,Outdoor
Rome,Circus Maximus,Park,41.8871,12.4852,Outdoor
Rome,Capitoline Museums,Museum,41.8931,12.4823,Indoor
Rome,Appian Way,Historic,41.8676,12.5091,Outdoor
Rome,Piazza della Repubblica,Neighborhood,41.9034,12.4961,Outdoor
Rome,Ostia Antica,Historic,41.7544,12.2995,Outdoor
Rome,Sant'Angelo Bridge,Landmark,41.9033,12.4665,Outdoor
Rome,Testaccio Market,Neighborhood,41.8769,12.4822,Indoor
Rome,MAXXI Museum,Museum,41.9400,12.4663,Indoor
Istanbul,Hagia Sophia,Historic,41.0086,28.9802,Indoor
Istanbul,Topkapi Palace,Historic,41.0115,28.9833,Indoor
Istanbul,Blue Mosque,Historic,41.0055,28.9768,Indoor
Istanbul,Basilica Cistern,Historic,41.0080,28.9770,Indoor
Istanbul,Grand Bazaar,Neighborhood,41.0101,28.9689,Indoor
Istanbul,Sultanahmet Square,Neighborhood,41.0053,28.9769,Outdoor
Istanbul,Galata Tower,Landmark,41.0256,28.9744,Outdoor
Istanbul,Dolmabahce Palace,Historic,41.0391,29.0009,Indoor
Istanbul,Istanbul Modern Museum,Museum,41.0220,29.0320,Indoor
Istanbul,Taksim Square,Neighborhood,41.0369,28.9869,Outdoor
Istanbul,Istiklal Street,Neighborhood,41.0360,28.9853,Outdoor
Istanbul,Bosphorus Bridge,Landmark,41.0452,29.0340,Outdoor
Istanbul,Chora Church,Historic,41.0250,28.9560,Indoor
Istanbul,Spice Bazaar,Neighborhood,41.0166,28.9680,Indoor
Istanbul,Ortakoy Mosque,Historic,41.0475,29.0287,Indoor
Istanbul,Maiden's Tower,Landmark,41.0215,29.0015,Outdoor
Istanbul,Fener & Balat,Neighborhood,41.0263,28.9491,Outdoor
Istanbul,Yerebatan Cami,Historic,41.0081,28.9770,Indoor
Istanbul,Miniaturk,Park,41.0857,28.9013,Outdoor
Istanbul,Prince Islands,Park,40.8700,29.1236,Outdoor
Istanbul,Süleymaniye Mosque,Historic,41.0161,28.9630,Indoor
Istanbul,Istanbul Aquarium,Park,40.9821,28.8280,Indoor
Istanbul,Emirgan Park,Park,41.0956,29.0446,Outdoor
Istanbul,Forum Istanbul Shopping Mall,Neighborhood,41.0783,28.9137,Indoor
Istanbul,Ataturk Olympic Stadium,Landmark,41.1078,28.8417,Outdoor
Bangkok,Grand Palace,Historic,13.7500,100.4913,Indoor
Bangkok,Wat Pho,Historic,13.7467,100.4930,Indoor
Bangkok,Wat Arun,Historic,13.7437,100.4885,Indoor
Bangkok,Chatuchak Market,Neighborhood,13.8477,100.5725,Outdoor
Bangkok,Khao San Road,Neighborhood,13.7590,100.4975,Outdoor
Bangkok,Mahboonkrong (MBK) Center,Neighborhood,13.7462,100.5326,Indoor
Bangkok,Siam Paragon,Neighborhood,13.7460,100.5344,Indoor
Bangkok,Erawan Shrine,Historic,13.7455,100.5390,Indoor
Bangkok,Lumpini Park,Park,13.7300,100.5410,Outdoor
Bangkok,Jim Thompson House,Museum,13.7516,100.5297,Indoor
Bangkok,Asiatique The Riverfront,Neighborhood,13.7055,100.5038,Outdoor
Bangkok,Baiyoke Tower II,Landmark,13.7563,100.5266,Outdoor
Bangkok,Terminal 21,Neighborhood,13.7377,100.5610,Indoor
Bangkok,Chinatown (Yaowarat),Neighborhood,13.7416,100.5101,Outdoor
Bangkok,Vimanmek Mansion,Historic,13.7960,100.5097,Indoor
Bangkok,Wat Saket,Historic,13.7560,100.5030,Indoor
Bangkok,Bangkok Art & Culture Center,Museum,13.7469,100.5340,Indoor
Bangkok,Ancient City,Park,13.6330,100.5900,Outdoor
Bangkok,Suan Pakkad Palace,Museum,13.7567,100.5330,Indoor
Bangkok,Victory Monument,Landmark,13.7643,100.5380,Outdoor
Bangkok,Ratchada Train Night Market,Neighborhood,13.7653,100.5697,Outdoor
Bangkok,Mahanakhon Skywalk,Landmark,13.7230,100.5290,Outdoor
Bangkok,Wat Benchamabophit,Historic,13.7655,100.5146,Indoor
Bangkok,Siam Square,Neighborhood,13.7468,100.5340,Outdoor
Bangkok,Bang Krachao,Park,13.6765,100.5665,Outdoor
Sydney,Sydney Opera House,Historic, -33.8568,151.2153,Indoor
Sydney,Sydney Harbour Bridge,Landmark,-33.8523,151.2108,Outdoor
Sydney,Bondi Beach,Park,-33.8915,151.2767,Outdoor
Sydney,Royal Botanic Garden,Park,-33.8642,151.2166,Outdoor
Sydney,The Rocks,Neighborhood,-33.8590,151.2094,Outdoor
Sydney,Art Gallery of NSW,Museum,-33.8688,151.2170,Indoor
Sydney,Museum of Contemporary Art,Museum,-33.8599,151.2090,Indoor
Sydney,Taronga Zoo,Park,-33.8436,151.2417,Outdoor
Sydney,Darling Harbour,Neighborhood,-33.8732,151.1990,Outdoor
Sydney,SEA LIFE Sydney Aquarium,Park,-33.8691,151.2036,Indoor
Sydney,Sydney Tower Eye,Landmark,-33.8705,151.2086,Outdoor
Sydney,Powerhouse Museum,Museum,-33.8663,151.1950,Indoor
Sydney,Hyde Park,Park,-33.8730,151.2125,Outdoor
Sydney,Luna Park,Park,-33.8489,151.2120,Outdoor
Sydney,Barangaroo,Neighborhood,-33.8595,151.2010,Outdoor
Sydney,Circular Quay,Neighborhood,-33.8588,151.2105,Outdoor
Sydney,Manly Beach,Park,-33.7973,151.2872,Outdoor
Sydney,Watsons Bay,Park,-33.8401,151.2870,Outdoor
Sydney,Royal National Park,Park,-34.0833,151.0667,Outdoor
Sydney,Chinese Garden of Friendship,Park,-33.8735,151.2043,Outdoor
Sydney,Sydney Jewish Museum,Museum,-33.8885,151.2133,Indoor
Sydney,Australian Museum,Museum,-33.8741,151.2065,Indoor
Sydney,Anzac Memorial,Historic,-33.8731,151.2135,Indoor
Sydney,Cockatoo Island,Park,-33.8477,151.1865,Outdoor
Sydney,Wendy’s Secret Garden,Park,-33.8629,151.2137,Outdoor
Singapore,Marina Bay Sands,Landmark,1.2834,103.8607,Indoor
Singapore,Gardens by the Bay,Park,1.2816,103.8636,Outdoor
Singapore,Sentosa Island,Park,1.2494,103.8303,Outdoor
Singapore,Universal Studios Singapore,Park,1.2540,103.8238,Outdoor
Singapore,Singapore Zoo,Park,1.4043,103.7930,Outdoor
Singapore,Orchard Road,Neighborhood,1.3048,103.8318,Outdoor
Singapore,Chinatown,Neighborhood,1.2837,103.8440,Outdoor
Singapore,Little India,Neighborhood,1.3070,103.8497,Outdoor
Singapore,Merlion Park,Landmark,1.2868,103.8545,Outdoor
Singapore,Esplanade – Theatres on the Bay,Landmark,1.2896,103.8558,Indoor
Singapore,Singapore Flyer,Landmark,1.2893,103.8632,Outdoor
Singapore,Clarke Quay,Neighborhood,1.2906,103.8467,Outdoor
Singapore,Raffles Hotel,Historic,1.2931,103.8530,Indoor
Singapore,National Museum of Singapore,Museum,1.2966,103.8495,Indoor
Singapore,Asian Civilisations Museum,Museum,1.2886,103.8496,Indoor
Singapore,Botanic Gardens,Park,1.3138,103.8153,Outdoor
Singapore,Haw Par Villa,Park,1.2772,103.8298,Outdoor
Singapore,Singapore Art Museum,Museum,1.2964,103.8510,Indoor
Singapore,Fort Canning Park,Park,1.2965,103.8479,Outdoor
Singapore,Jewel Changi Airport,Landmark,1.3644,103.9915,Indoor
Singapore,East Coast Park,Park,1.3036,103.9145,Outdoor
Singapore,National Gallery Singapore,Museum,1.2903,103.8516,Indoor
Singapore,Labrador Nature Reserve,Park,1.2733,103.7990,Outdoor
Singapore,Singapore Science Centre,Museum,1.3325,103.7426,Indoor
Singapore,St. Andrew's Cathedral,Historic,1.2892,103.8520,Indoor
Los Angeles,Hollywood Sign,Landmark,34.1341,-118.3215,Outdoor
Los Angeles,Griffith Observatory,Historic,34.1184,-118.3004,Outdoor
Los Angeles,Universal Studios Hollywood,Park,34.1381,-118.3534,Outdoor
Los Angeles,Dodger Stadium,Landmark,34.0739,-118.2390,Outdoor
Los Angeles,Getty Center,Museum,34.0780,-118.4741,Indoor
Los Angeles,Los Angeles County Museum of Art,Museum,34.0638,-118.3589,Indoor
Los Angeles,Venice Beach,Park,33.9850,-118.4695,Outdoor
Los Angeles,Santa Monica Pier,Park,34.0094,-118.4973,Outdoor
Los Angeles,Hollywood Walk of Fame,Neighborhood,34.1016,-118.3269,Outdoor
Los Angeles,Rodeo Drive,Neighborhood,34.0675,-118.4015,Outdoor
Los Angeles,Staples Center,Landmark,34.0430,-118.2673,Indoor
Los Angeles,The Broad,Museum,34.0545,-118.2508,Indoor
Los Angeles,Griffith Park,Park,34.1367,-118.2942,Outdoor
Los Angeles,La Brea Tar Pits,Historic,34.0638,-118.3550,Outdoor
Los Angeles,Walt Disney Concert Hall,Historic,34.0550,-118.2498,Indoor
Los Angeles,Hollywood Bowl,Landmark,34.1122,-118.3391,Outdoor
Los Angeles,Olvera Street,Neighborhood,34.0564,-118.2363,Outdoor
Los Angeles,California Science Center,Museum,34.0156,-118.2866,Indoor
Los Angeles,Exposition Park,Park,34.0167,-118.2873,Outdoor
Los Angeles,Norton Simon Museum,Museum,34.1466,-118.1502,Indoor
Los Angeles,Santa Monica Beach,Park,34.0195,-118.4912,Outdoor
Los Angeles,Angels Flight Railway,Historic,34.0475,-118.2500,Outdoor
Los Angeles,Union Station,Historic,34.0562,-118.2365,Indoor
Los Angeles,Hollywood Forever Cemetery,Park,34.0853,-118.3080,Outdoor
Los Angeles,LACMA, Museum,34.0638,-118.3589,Indoor
Hong Kong,Victoria Peak,Landmark,22.2750,114.1451,Outdoor
Hong Kong,Tian Tan Buddha,Historic,22.2530,113.9185,Outdoor
Hong Kong,Avenue of Stars,Neighborhood,22.2935,114.1710,Outdoor
Hong Kong,Hong Kong Disneyland,Park,22.3120,114.0410,Outdoor
Hong Kong,Star Ferry,Landmark,22.2963,114.1747,Outdoor
Hong Kong,Ngong Ping 360,Landmark,22.2542,113.9117,Outdoor
Hong Kong,Hong Kong Museum of History,Museum,22.3020,114.1855,Indoor
Hong Kong,Lantau Island,Park,22.2500,113.9230,Outdoor
Hong Kong,Temple Street Night Market,Neighborhood,22.2961,114.1696,Outdoor
Hong Kong,Man Mo Temple,Historic,22.2837,114.1500,Indoor
Hong Kong,Victoria Harbour,Landmark,22.2910,114.1719,Outdoor
Hong Kong,Hong Kong Park,Park,22.2796,114.1649,Outdoor
Hong Kong,Ocean Park,Park,22.2475,114.2321,Outdoor
Hong Kong,Hong Kong Science Museum,Museum,22.3039,114.1839,Indoor
Hong Kong,Hong Kong Zoological and Botanical Gardens,Park,22.2774,114.1600,Outdoor
Hong Kong,Repulse Bay,Park,22.2369,114.2115,Outdoor
Hong Kong,Sky100 Observation Deck,Landmark,22.2982,114.1747,Indoor
Hong Kong,PMQ,Historic,22.2855,114.1500,Indoor
Hong Kong,Hong Kong Space Museum,Museum,22.2943,114.1728,Indoor
Hong Kong,Cheung Chau Island,Park,22.2073,114.0300,Outdoor
Hong Kong,Lamma Island,Park,22.2322,114.1090,Outdoor
Hong Kong,Hong Kong Museum of Art,Museum,22.2948,114.1730,Indoor
Hong Kong,Sai Kung,Park,22.3826,114.2707,Outdoor
Hong Kong,Po Lin Monastery,Historic,22.2550,113.9150,Indoor
Hong Kong,Tsim Sha Tsui Promenade,Neighborhood,22.2934,114.1721,Outdoor
Beijing,Forbidden City,Historic,39.9163,116.3972,Indoor
Beijing,Temple of Heaven,Historic,39.8822,116.4066,Indoor
Beijing,Great Wall at Badaling,Landmark,40.3600,116.0200,Outdoor
Beijing,Beihai Park,Park,39.9219,116.3860,Outdoor
Beijing, Summer Palace,Historic,39.9996,116.2755,Outdoor
Beijing,Tiananmen Square,Landmark,39.9087,116.3975,Outdoor
Beijing,National Museum of China,Museum,39.9040,116.3975,Indoor
Beijing,Hutongs of Beijing,Neighborhood,39.9228,116.3883,Outdoor
Beijing,798 Art Zone,Neighborhood,39.9841,116.4975,Indoor
Beijing,Beijing Zoo,Park,39.9370,116.3392,Outdoor
Beijing,Jingshan Park,Park,39.9241,116.3969,Outdoor
Beijing,Liulichang Cultural Street,Neighborhood,39.9186,116.3945,Outdoor
Beijing,China National Aviation Museum,Museum,40.0679,116.5855,Indoor
Beijing,Lama Temple,Historic,39.9491,116.4173,Indoor
Beijing,National Stadium (Bird's Nest),Landmark,39.9917,116.3967,Outdoor
Beijing,National Aquatics Center (Water Cube),Landmark,39.9911,116.3956,Indoor
Beijing,Beijing Planetarium,Museum,39.8995,116.3278,Indoor
Beijing,Panjiayuan Antique Market,Neighborhood,39.8719,116.4432,Outdoor
Beijing,China Science and Technology Museum,Museum,39.9067,116.4022,Indoor
Beijing,Olympic Forest Park,Park,40.0086,116.3909,Outdoor
Beijing,Shichahai Lake,Park,39.9393,116.3910,Outdoor
Beijing,Dashilan Street,Neighborhood,39.8998,116.3906,Outdoor
Beijing,CCTV Headquarters,Landmark,39.9120,116.4601,Outdoor
Beijing,Beijing Capital Museum,Museum,39.9040,116.3790,Indoor
Beijing,Prince Gong Mansion,Historic,39.9293,116.3893,Indoor
Barcelona,Sagrada Familia,Historic,41.4036,2.1744,Indoor
Barcelona,Park Güell,Park,41.4145,2.1527,Outdoor
Barcelona,La Rambla,Neighborhood,41.3809,2.1730,Outdoor
Barcelona,Gothic Quarter,Neighborhood,41.3839,2.1760,Outdoor
Barcelona,Camp Nou,Landmark,41.3809,2.1228,Outdoor
Barcelona,Montjuïc Castle,Historic,41.3636,2.1699,Outdoor
Barcelona,Picasso Museum,Museum,41.3856,2.1802,Indoor
Barcelona,Magic Fountain of Montjuïc,Landmark,41.3750,2.1513,Outdoor
Barcelona,Palau de la Música Catalana,Indoor,41.3879,2.1750,Indoor
Barcelona,Barceloneta Beach,Park,41.3780,2.1920,Outdoor
Barcelona,Parc de la Ciutadella,Park,41.3870,2.1870,Outdoor
Barcelona,MNAC – Museu Nacional d’Art de Catalunya,Museum,41.3685,2.1530,Indoor
Barcelona,Casa Batlló,Historic,41.3917,2.1649,Indoor
Barcelona,Casa Milà (La Pedrera),Historic,41.3954,2.1619,Indoor
Barcelona,Palau Güell,Historic,41.3794,2.1763,Indoor
Barcelona,Barcelona Cathedral,Historic,41.3841,2.1761,Indoor
Barcelona,Parc del Laberint d’Horta,Park,41.4382,2.1540,Outdoor
Barcelona,Tibidabo Amusement Park,Park,41.4225,2.1186,Outdoor
Barcelona,Mercat de Sant Josep de la Boqueria,Neighborhood,41.3826,2.1719,Indoor
Barcelona,Fabra Observatory,Historic,41.4216,2.1743,Indoor
Barcelona,Hospital de Sant Pau,Historic,41.4121,2.1740,Indoor
Barcelona,Columbus Monument,Landmark,41.3759,2.1774,Outdoor
Barcelona,Palau Reial de Pedralbes,Historic,41.3919,2.1218,Indoor
Barcelona,L’Aquàrium de Barcelona,Indoor,41.3749,2.1824,Indoor
Barcelona,CosmoCaixa Science Museum,Museum,41.4050,2.1447,Indoor
Amsterdam,Rijksmuseum,Museum,52.3599,4.8852,Indoor
Amsterdam,Van Gogh Museum,Museum,52.3584,4.8811,Indoor
Amsterdam,Anne Frank House,Historic,52.3752,4.8839,Indoor
Amsterdam,Canal Ring,Neighborhood,52.3731,4.8922,Outdoor
Amsterdam,Vondelpark,Park,52.3580,4.8686,Outdoor
Amsterdam,Heineken Experience,Indoor,52.3579,4.8910,Indoor
Amsterdam,Rembrandt House Museum,Museum,52.3725,4.9007,Indoor
Amsterdam,Amsterdam Museum,Museum,52.3730,4.8926,Indoor
Amsterdam,Begijnhof,Historic,52.3705,4.8921,Indoor
Amsterdam,Red Light District,Neighborhood,52.3740,4.8970,Outdoor
Amsterdam,Stedelijk Museum,Museum,52.3580,4.8790,Indoor
Amsterdam,NEMO Science Museum,Museum,52.3743,4.9126,Indoor
Amsterdam,Artis Zoo,Park,52.3660,4.9160,Outdoor
Amsterdam,Amsterdam Central Station,Landmark,52.3780,4.9000,Outdoor
Amsterdam,Magere Brug (Skinny Bridge),Landmark,52.3722,4.8960,Outdoor
Amsterdam,Albert Cuyp Market,Neighborhood,52.3572,4.8951,Outdoor
Amsterdam,Concertgebouw,Indoor,52.3577,4.8807,Indoor
Amsterdam,Oude Kerk,Historic,52.3741,4.8963,Indoor
Amsterdam,Flower Market (Bloemenmarkt),Neighborhood,52.3665,4.8958,Outdoor
Amsterdam,Amstel River,Park,52.3570,4.9000,Outdoor
Amsterdam,Scheepvaartmuseum (Maritime Museum),Museum,52.3744,4.9146,Indoor
Amsterdam,Jordaan District,Neighborhood,52.3790,4.8830,Outdoor
Amsterdam,Rembrandtplein,Neighborhood,52.3640,4.8950,Outdoor
Amsterdam,Hermitage Amsterdam,Museum,52.3685,4.9010,Indoor
Amsterdam,Beurs van Berlage,Historic,52.3760,4.8960,Indoor
Moscow,Red Square,Landmark,55.7539,37.6208,Outdoor
Moscow,Kremlin,Historic,55.7517,37.6178,Indoor
Moscow,St. Basil's Cathedral,Historic,55.7525,37.6231,Indoor
Moscow,Bolshoi Theatre,Theater,55.7601,37.6186,Indoor
Moscow,Lenin Mausoleum,Historic,55.7531,37.6200,Indoor
Moscow,Cathedral of Christ the Saviour,Historic,55.7440,37.6050,Indoor
Moscow,Arbat Street,Neighborhood,55.7522,37.6010,Outdoor
Moscow,Gorky Park,Park,55.7300,37.6030,Outdoor
Moscow,Moscow Metro Stations,Landmark,55.7520,37.6150,Indoor
Moscow,Novodevichy Convent,Historic,55.7295,37.5525,Indoor
Moscow,VDNKh,Park,55.8299,37.6403,Outdoor
Moscow,Moscow State University,Landmark,55.7033,37.5302,Outdoor
Moscow,Izmaylovsky Market,Shopping,55.7985,37.7472,Outdoor
Moscow,Pushkin State Museum of Fine Arts,Museum,55.7437,37.6032,Indoor
Moscow,Tretyakov Gallery,Museum,55.7413,37.6200,Indoor
Moscow,Moscow River Cruise,Recreation,55.7500,37.6200,Outdoor
Moscow,Zaryadye Park,Park,55.7512,37.6250,Outdoor
Moscow,Bolotnaya Square,Park,55.7420,37.6210,Outdoor
Moscow,Novinsky Boulevard,Neighborhood,55.7460,37.5850,Outdoor
Moscow,Christ the Savior Cathedral Bell Tower,Landmark,55.7445,37.6030,Indoor
Moscow,St. Petersburg Highway,Neighborhood,55.7800,37.5900,Outdoor
Moscow,Moscow Circus on Tsvetnoy Boulevard,Entertainment,55.7710,37.6230,Indoor
Moscow,Muzeon Park,Park,55.7402,37.6021,Outdoor
Moscow,State Historical Museum,Indoor,55.7530,37.6200,Indoor
Moscow,Victory Park,Park,55.7200,37.5050,Outdoor
Rio de Janeiro,Christ the Redeemer,Landmark,-22.9519,-43.2105,Outdoor
Rio de Janeiro,Sugarloaf Mountain,Landmark,-22.9486,-43.1566,Outdoor
Rio de Janeiro,Copacabana Beach,Beach,-22.9711,-43.1822,Outdoor
Rio de Janeiro,Ipanema Beach,Beach,-22.9839,-43.2042,Outdoor
Rio de Janeiro,Tijuca National Park,Park,-22.9471,-43.2523,Outdoor
Rio de Janeiro,Maracanã Stadium,Sports,-22.9122,-43.2302,Outdoor
Rio de Janeiro,Lapa Arches,Historic,-22.9111,-43.1818,Outdoor
Rio de Janeiro,Museum of Tomorrow,Museum,-22.8958,-43.1800,Indoor
Rio de Janeiro,Rio de Janeiro Botanical Garden,Park,-22.9678,-43.2255,Outdoor
Rio de Janeiro,Sambadrome,Entertainment,-22.9086,-43.1829,Outdoor
Rio de Janeiro,Candelária Church,Historic,-22.9089,-43.1750,Indoor
Rio de Janeiro,Selarón Steps,Landmark,-22.9125,-43.1896,Outdoor
Rio de Janeiro,Flamengo Park,Park,-22.9121,-43.1846,Outdoor
Rio de Janeiro,Pedra da Gávea,Landmark,-22.9960,-43.2510,Outdoor
Rio de Janeiro,Rio Sul Shopping Mall,Shopping,-22.9390,-43.1770,Indoor
Rio de Janeiro,National Museum of Brazil,Museum,-22.9035,-43.1796,Indoor
Rio de Janeiro,Arpoador,Beach,-22.9878,-43.1941,Outdoor
Rio de Janeiro,Prainha Beach,Beach,-23.0070,-43.4176,Outdoor
Rio de Janeiro,Lagoa Rodrigo de Freitas,Park,-22.9767,-43.2251,Outdoor
Rio de Janeiro,Hipódromo da Gávea,Sports,-22.9840,-43.2442,Outdoor
Rio de Janeiro,Imperial Palace of Rio,Historic,-22.9064,-43.1792,Indoor
Rio de Janeiro,Rio Art Museum,Museum,-22.8952,-43.1801,Indoor
Rio de Janeiro,Parque Lage,Park,-22.9584,-43.2288,Outdoor
Rio de Janeiro,Rio Planetarium,Indoor,-22.9375,-43.2001,Indoor
Rio de Janeiro,Museu de Arte Moderna,Indoor,-22.9222,-43.1794,Indoor
Rio de Janeiro,Arcos da Lapa,Landmark,-22.9125,-43.1896,Outdoor
Rio de Janeiro,Ilha Fiscal,Historic,-22.9020,-43.1726,Indoor
Rio de Janeiro,Cidade Maravilhosa Boardwalk,Recreation,-22.9711,-43.1822,Outdoor
Rio de Janeiro,Pedra Bonita,Landmark,-22.9872,-43.2628,Outdoor
Rio de Janeiro,Rio Zoo,Park,-22.9366,-43.2590,Outdoor
Rio de Janeiro,Rocinha Favela Tour,Tour,-22.9320,-43.2500,Outdoor
Rio de Janeiro,Prainha do Recreio,Beach,-23.0010,-43.4110,Outdoor
Rio de Janeiro,Copacabana Fort,Historic,-22.9611,-43.1700,Indoor
Cairo,Giza Pyramids,Historic,29.9792,31.1342,Outdoor
Cairo,Sphinx,Historic,29.9753,31.1376,Outdoor
Cairo,Egyptian Museum,Museum,30.0478,31.2336,Indoor
Cairo,Khan el-Khalili,Market,30.0476,31.2625,Outdoor
Cairo,Al-Azhar Mosque,Historic,30.0478,31.2625,Indoor
Cairo,Citadel of Saladin,Historic,30.0298,31.2612,Outdoor
Cairo,Hanging Church,Historic,30.0471,31.2613,Indoor
Cairo,Islamic Cairo,Neighborhood,30.0480,31.2615,Outdoor
Cairo,Cairo Tower,Landmark,30.0459,31.2243,Outdoor
Cairo,Saqqara,Historic,29.8710,31.2165,Outdoor
Cairo,Mokattam Hills,Landmark,30.0017,31.3071,Outdoor
Cairo,Museum of Islamic Art,Museum,30.0520,31.2444,Indoor
Cairo,Zamalek,Neighborhood,30.0610,31.2235,Outdoor
Cairo,Al-Hussein Mosque,Historic,30.0478,31.2621,Indoor
Cairo,Coptic Museum,Museum,30.0484,31.2611,Indoor
Cairo,Abdeen Palace,Historic,30.0592,31.2461,Indoor
Cairo,El-Moez Street,Historic,30.0476,31.2624,Outdoor
Cairo,Al-Azhar Park,Park,30.0460,31.2620,Outdoor
Cairo,Roman Amphitheatre,Historic,30.0490,31.2610,Indoor
Cairo,Tahrir Square,Landmark,30.0444,31.2357,Outdoor
Cairo,Nile River Cruise,Recreation,30.0444,31.2357,Outdoor
Cairo,City of the Dead,Historic,30.0640,31.2750,Outdoor
Cairo,Al-Fayoum Oasis,Landmark,29.3083,30.8425,Outdoor
Cairo,Cairo Opera House,Theater,30.0615,31.2234,Indoor
Cairo,Mokattam Monastery,Historic,30.0010,31.3080,Indoor
Buenos Aires,Obelisco,Landmark,-34.6037,-58.3816,Outdoor
Buenos Aires,Teatro Colon,Theater,-34.6034,-58.3838,Indoor
Buenos Aires,Plaza de Mayo,Landmark,-34.6080,-58.3700,Outdoor
Buenos Aires,Casa Rosada,Historic,-34.6080,-58.3700,Indoor
Buenos Aires,Cemetario de la Recoleta,Historic,-34.5880,-58.3962,Outdoor
Buenos Aires,Palermo Soho,Neighborhood,-34.5830,-58.4300,Outdoor
Buenos Aires,Recoleta Cemetery,Historic,-34.5880,-58.3962,Outdoor
Buenos Aires,Barrio La Boca,Neighborhood,-34.6341,-58.3640,Outdoor
Buenos Aires,Caminito Street,Landmark,-34.6346,-58.3641,Outdoor
Buenos Aires,MALBA,Museum,-34.5870,-58.3993,Indoor
Buenos Aires,Buenos Aires Zoo,Park,-34.5722,-58.4315,Outdoor
Buenos Aires,Puerto Madero,Neighborhood,-34.6075,-58.3633,Outdoor
Buenos Aires,San Telmo Market,Market,-34.6173,-58.3732,Indoor
Buenos Aires,Floralis Genérica,Landmark,-34.5733,-58.4200,Outdoor
Buenos Aires,Luna Park Arena,Entertainment,-34.6037,-58.3730,Indoor
Buenos Aires,Parque Tres de Febrero,Park,-34.5731,-58.4291,Outdoor
Buenos Aires,Plaza Francia,Park,-34.5882,-58.3968,Outdoor
Buenos Aires,Cabildo de Buenos Aires,Historic,-34.6080,-58.3700,Indoor
Buenos Aires,Manzana de las Luces,Historic,-34.6090,-58.3780,Indoor
Buenos Aires,Puerto Madero Waterfront,Recreation,-34.6080,-58.3640,Outdoor
Buenos Aires,Casa de Gobierno,Historic,-34.6080,-58.3700,Indoor
Buenos Aires,Parque Patricios,Park,-34.6400,-58.3950,Outdoor
Buenos Aires,Centro Cultural Kirchner,Cultural,-34.6081,-58.3712,Indoor
Buenos Aires,Puente de la Mujer,Landmark,-34.6075,-58.3633,Outdoor
Buenos Aires,San Martin Square,Landmark,-34.5950,-58.3810,Outdoor
Delhi,Red Fort,Historic,28.6562,77.2410,Indoor
Delhi,Qutub Minar,Historic,28.5244,77.1855,Outdoor
Delhi,India Gate,Landmark,28.6129,77.2295,Outdoor
Delhi,Lotus Temple,Historic,28.5535,77.2588,Indoor
Delhi,Humayun's Tomb,Historic,28.5933,77.2507,Indoor
Delhi,Akshardham Temple,Historic,28.6126,77.2773,Indoor
Delhi,Jama Masjid,Historic,28.6507,77.2334,Indoor
Delhi,Raj Ghat,Historic,28.6448,77.2588,Outdoor
Delhi,Connaught Place,Neighborhood,28.6329,77.2197,Outdoor
Delhi,Chandni Chowk,Market,28.6560,77.2304,Outdoor
Delhi,National Museum,Indoor,28.6143,77.2065,Indoor
Delhi,Lodhi Gardens,Park,28.5934,77.2195,Outdoor
Delhi,Lotus Temple Garden,Park,28.5535,77.2588,Outdoor
Delhi,Dilli Haat,Market,28.5806,77.1980,Outdoor
Delhi,Rashtrapati Bhavan,Historic,28.6143,77.1996,Indoor
Delhi,Nehru Planetarium,Indoor,28.6140,77.2050,Indoor
Delhi,Gurudwara Bangla Sahib,Historic,28.6443,77.2103,Indoor
Delhi,ISKCON Temple,Historic,28.6028,77.2465,Indoor
Delhi,Jantar Mantar,Historic,28.6324,77.2197,Outdoor
Delhi,National Gallery of Modern Art,Museum,28.6121,77.2107,Indoor
Delhi,Safdarjung Tomb,Historic,28.5835,77.2220,Outdoor
Delhi,Kamala Nehru Ridge,Park,28.6153,77.2010,Outdoor
Delhi,Dilli Haat INA,Market,28.5676,77.2075,Outdoor
Delhi,Laxminarayan Temple,Historic,28.6430,77.2125,Indoor
Delhi,Majnu Ka Tilla,Neighborhood,28.7045,77.2110,Outdoor
Mexico City,Zócalo,Landmark,19.4326,-99.1332,Outdoor
Mexico City,Frida Kahlo Museum,Museum,19.3554,-99.1620,Indoor
Mexico City,Chapultepec Castle,Historic,19.4204,-99.1819,Indoor
Mexico City,Palacio de Bellas Artes,Museum,19.4350,-99.1411,Indoor
Mexico City,Mexico City Metropolitan Cathedral,Historic,19.4342,-99.1337,Indoor
Mexico City,Templo Mayor,Historic,19.4340,-99.1327,Outdoor
Mexico City,Bosque de Chapultepec,Park,19.4200,-99.1810,Outdoor
Mexico City,Coyoacán,Neighborhood,19.3461,-99.1625,Outdoor
Mexico City,Paseo de la Reforma,Landmark,19.4322,-99.1381,Outdoor
Mexico City,National Museum of Anthropology,Museum,19.4260,-99.1860,Indoor
Mexico City,Soumaya Museum,Museum,19.4356,-99.2033,Indoor
Mexico City,Angel of Independence,Landmark,19.4270,-99.1677,Outdoor
Mexico City,La Condesa,Neighborhood,19.4121,-99.1746,Outdoor
Mexico City,Plaza Garibaldi,Entertainment,19.4419,-99.1360,Outdoor
Mexico City,San Ángel,Neighborhood,19.3428,-99.1763,Outdoor
Mexico City,Basilica of Our Lady of Guadalupe,Historic,19.4840,-99.1160,Indoor
Mexico City,National Palace,Historic,19.4341,-99.1325,Indoor
Mexico City,Alameda Central,Park,19.4329,-99.1387,Outdoor
Mexico City,Universidad Nacional Autónoma de México,Landmark,19.3326,-99.1880,Outdoor
Mexico City,El Ángel,Landmark,19.4270,-99.1677,Outdoor
Mexico City,Teotihuacan Pyramids,Historic,19.6925,-98.8430,Outdoor
Mexico City,Plaza de la Constitución,Landmark,19.4326,-99.1332,Outdoor
Mexico City,Coyoacán Market,Market,19.3461,-99.1625,Outdoor
Mexico City,Museo Jumex,Museum,19.4330,-99.1910,Indoor
Mexico City,Parque Hundido,Park,19.3775,-99.1795,Outdoor
Seoul,Gyeongbokgung Palace,Historic,37.5796,126.9770,Indoor
Seoul,N Seoul Tower,Landmark,37.5512,126.9882,Outdoor
Seoul,Bukchon Hanok Village,Neighborhood,37.5826,126.9830,Outdoor
Seoul,Changdeokgung Palace,Historic,37.5794,126.9910,Indoor
Seoul,Myeongdong Shopping Street,Market,37.5600,126.9850,Outdoor
Seoul,Insadong,Neighborhood,37.5740,126.9860,Outdoor
Seoul,Jogyesa Temple,Historic,37.5729,126.9860,Indoor
Seoul,Lotte World,Entertainment,37.5110,127.0980,Indoor
Seoul,Cheonggyecheon Stream,Recreation,37.5685,126.9770,Outdoor
Seoul,National Museum of Korea,Museum,37.5230,126.9800,Indoor
Seoul,Deoksugung Palace,Historic,37.5658,126.9753,Indoor
Seoul,Hongdae,Neighborhood,37.5563,126.9220,Outdoor
Seoul,COEX Mall,Shopping,37.5120,127.0580,Indoor
Seoul,Bosingak Bell Pavilion,Historic,37.5690,126.9770,Outdoor
Seoul,Cheong Wa Dae,Historic,37.6020,126.9740,Indoor
Seoul,Lotte Tower,Landmark,37.5131,127.1020,Outdoor
Seoul,Seoul Forest,Park,37.5444,127.0370,Outdoor
Seoul,Hangang Park,Park,37.5300,126.9910,Outdoor
Seoul,National Folk Museum of Korea,Museum,37.5799,126.9770,Indoor
Seoul,War Memorial of Korea,Historic,37.5361,126.9773,Indoor
Seoul,Gwanghwamun Square,Landmark,37.5714,126.9769,Outdoor
Seoul,Lotte World Tower Observation Deck,Landmark,37.5131,127.1020,Indoor
Seoul,Dongdaemun Design Plaza,Landmark,37.5663,127.0090,Outdoor
Seoul,Itaewon,Neighborhood,37.5342,126.9942,Outdoor
Seoul,Seodaemun Prison History Hall,Historic,37.5748,126.9369,Indoor
Cape Town,Table Mountain,Landmark,-33.9628,18.4098,Outdoor
Cape Town,Cape Point,Landmark,-34.3568,18.4956,Outdoor
Cape Town,Robben Island,Historic,-33.8063,18.3662,Outdoor
Cape Town,Kirstenbosch Botanical Garden,Park,-33.9882,18.4391,Outdoor
Cape Town,V&A Waterfront,Shopping,-33.9056,18.4200,Outdoor
Cape Town,Bo-Kaap,Neighborhood,-33.9246,18.4183,Outdoor
Cape Town,Signal Hill,Landmark,-33.9311,18.4086,Outdoor
Cape Town,Castle of Good Hope,Historic,-33.9275,18.4231,Indoor
Cape Town,Greenmarket Square,Landmark,-33.9251,18.4233,Outdoor
Cape Town,Table View Beach,Recreation,-33.8875,18.4942,Outdoor
Cape Town,Iziko South African Museum,Museum,-33.9180,18.4231,Indoor
Cape Town,Company's Garden,Park,-33.9250,18.4230,Outdoor
Cape Town,Chapman's Peak Drive,Recreation,-34.0861,18.3689,Outdoor
Cape Town,Hout Bay,Neighborhood,-34.0416,18.3416,Outdoor
Cape Town,Lion's Head,Landmark,-33.9600,18.4035,Outdoor
Cape Town,Noordehoek Beach,Recreation,-34.1053,18.3908,Outdoor
Cape Town,Two Oceans Aquarium,Indoor,-33.9058,18.4214,Indoor
Cape Town,Zeitz MOCAA,Museum,-33.9065,18.4226,Indoor
Cape Town,Muizenberg Beach,Recreation,-34.1030,18.4865,Outdoor
Cape Town,Boulders Beach,Recreation,-34.1975,18.4455,Outdoor
Cape Town,Cape Town Stadium,Sports,-33.9035,18.4144,Outdoor
Cape Town,Sydney Street Market,Market,-33.9180,18.4230,Outdoor
Cape Town,Long Street,Neighborhood,-33.9248,18.4241,Outdoor
Cape Town,De Waal Park,Park,-33.9408,18.4230,Outdoor
Cape Town,Signal Hill Hiking,Recreation,-33.9311,18.4086,Outdoor
Toronto,CN Tower,Landmark,43.6426,-79.3871,Outdoor
Toronto,Royal Ontario Museum,Museum,43.6677,-79.3948,Indoor
Toronto,Hockey Hall of Fame,Museum,43.6486,-79.3760,Indoor
Toronto,Art Gallery of Ontario,Museum,43.6536,-79.3925,Indoor
Toronto,Distillery District,Neighborhood,43.6500,-79.3590,Outdoor
Toronto,St. Lawrence Market,Market,43.6481,-79.3714,Indoor
Toronto,Hudson's Bay Centre,Shopping,43.6529,-79.3803,Indoor
Toronto,HIGH PARK,Park,43.6465,-79.4637,Outdoor
Toronto,Ripley's Aquarium,Indoor,43.6317,-79.3860,Indoor
Toronto,Harbourfront,Recreation,43.6370,-79.3819,Outdoor
Toronto,Casa Loma,Historic,43.6781,-79.4094,Indoor
Toronto,Toronto Islands,Recreation,43.6167,-79.3895,Outdoor
Toronto,Queen Street West,Neighborhood,43.6480,-79.4021,Outdoor
Toronto,Kensington Market,Neighborhood,43.6543,-79.3995,Outdoor
Toronto,Yorkville,Neighborhood,43.6700,-79.3940,Outdoor
Toronto,The PATH,Indoor,43.6532,-79.3832,Indoor
Toronto,Allan Gardens,Park,43.6650,-79.3700,Outdoor
Toronto,Ontario Science Centre,Museum,43.7167,-79.3406,Indoor
Toronto,University of Toronto,Landmark,43.6629,-79.3957,Outdoor
Toronto,Evergreen Brick Works,Recreation,43.6891,-79.3524,Outdoor
Toronto,Scotiabank Arena,Sports,43.6435,-79.3791,Indoor
Toronto,Humber Bay Park,Park,43.6155,-79.5050,Outdoor
Toronto,High Park Zoo,Park,43.6465,-79.4637,Outdoor
Toronto,Princess of Wales Theatre,Theater,43.6543,-79.3860,Indoor
Toronto,St. Michael's Cathedral,Historic,43.6534,-79.3763,Indoor
Berlin,Brandenburg Gate,Historic,52.5163,13.3777,Outdoor
Berlin,Berlin Wall Memorial,Historic,52.5351,13.3903,Outdoor
Berlin,Museum Island,Museum,52.5169,13.4010,Indoor
Berlin,Reichstag Building,Historic,52.5186,13.3762,Indoor
Berlin,Checkpoint Charlie,Historic,52.5076,13.3904,Outdoor
Berlin,Alexanderplatz,Neighborhood,52.5219,13.4132,Outdoor
Berlin,Berlin Cathedral,Historic,52.5192,13.4010,Indoor
Berlin,Potsdamer Platz,Neighborhood,52.5096,13.3759,Outdoor
Berlin,Gendarmenmarkt,Landmark,52.5138,13.3924,Outdoor
Berlin,Berlin Zoo,Park,52.5080,13.3378,Outdoor
Berlin,Kaiser Wilhelm Memorial Church,Historic,52.5145,13.3759,Indoor
Berlin,East Side Gallery,Landmark,52.5050,13.4396,Outdoor
Berlin,Charlottenburg Palace,Historic,52.5208,13.2950,Indoor
Berlin,Mauerpark,Park,52.5413,13.4021,Outdoor
Berlin,Tempelhofer Feld,Park,52.4730,13.3960,Outdoor
Berlin,Jewish Museum Berlin,Museum,52.5021,13.3951,Indoor
Berlin,Topography of Terror,Museum,52.5076,13.3904,Indoor
Berlin,Berlin Philharmonie,Theater,52.5083,13.2848,Indoor
Berlin,Tiergarten,Park,52.5145,13.3501,Outdoor
Berlin,Friedrichstraße,Shopping,52.5208,13.3875,Outdoor
Berlin,Unter den Linden,Neighborhood,52.5163,13.3777,Outdoor
Berlin,Hackescher Markt,Neighborhood,52.5233,13.4022,Outdoor
Berlin,Berlin Dungeon,Indoor,52.5215,13.4010,Indoor
Berlin,Aquarium Berlin,Indoor,52.5080,13.3378,Indoor
Berlin,Olympiastadion Berlin,Sports,52.5148,13.2397,Outdoor
Madrid,Plaza Mayor,Historic,40.4155,-3.7074,Outdoor
Madrid,Royal Palace of Madrid,Historic,40.4179,-3.7143,Indoor
Madrid,Prado Museum,Museum,40.4138,-3.6921,Indoor
Madrid,Retiro Park,Park,40.4153,-3.6846,Outdoor
Madrid,Puerta del Sol,Landmark,40.4168,-3.7038,Outdoor
Madrid,Gran Vía,Neighborhood,40.4203,-3.7058,Outdoor
Madrid,Santiago Bernabéu Stadium,Sports,40.4531,-3.6883,Outdoor
Madrid,Thyssen-Bornemisza Museum,Museum,40.4154,-3.6945,Indoor
Madrid,Reina Sofia Museum,Museum,40.4083,-3.6949,Indoor
Madrid,Temple of Debod,Historic,40.4240,-3.7170,Outdoor
Madrid,Cibeles Fountain,Landmark,40.4190,-3.6925,Outdoor
Madrid,Plaza de España,Landmark,40.4230,-3.7124,Outdoor
Madrid,Malasaña Neighborhood,Neighborhood,40.4250,-3.7070,Outdoor
Madrid,Chueca Neighborhood,Neighborhood,40.4230,-3.6990,Outdoor
Madrid,La Latina Neighborhood,Neighborhood,40.4150,-3.7100,Outdoor
Madrid,Puerta de Alcalá,Landmark,40.4204,-3.6883,Outdoor
Madrid,Sorolla Museum,Museum,40.4375,-3.6810,Indoor
Madrid,Lazaro Galdiano Museum,Museum,40.4330,-3.6861,Indoor
Madrid,El Rastro Market,Market,40.4148,-3.7073,Outdoor
Madrid,Real Jardín Botánico,Park,40.4155,-3.6846,Outdoor
Madrid,Calle de Alcalá,Neighborhood,40.4190,-3.6931,Outdoor
Madrid,Madrid Rio Park,Park,40.4012,-3.7123,Outdoor
Madrid,Las Ventas,Historic,40.4361,-3.6780,Outdoor
Madrid,Puerta de Toledo,Landmark,40.4090,-3.7100,Outdoor
Madrid,Monastery of El Escorial,Historic,40.5910,-4.1473,Outdoor
Mumbai,Gateway of India,Historic,18.9220,72.8347,Outdoor
Mumbai,Chhatrapati Shivaji Terminus,Historic,18.9400,72.8350,Indoor
Mumbai,Mumbai Marine Drive,Recreation,18.9430,72.8230,Outdoor
Mumbai,Elephanta Caves,Historic,18.9630,72.9310,Outdoor
Mumbai,Colaba Causeway,Shopping,18.9216,72.8279,Outdoor
Mumbai,Haji Ali Dargah,Historic,18.9820,72.8101,Indoor
Mumbai,Siddhivinayak Temple,Historic,19.0176,72.8300,Indoor
Mumbai,Juhu Beach,Recreation,19.0981,72.8265,Outdoor
Mumbai,Chhatrapati Shivaji Maharaj Vastu Sangrahalaya,Museum,18.9255,72.8341,Indoor
Mumbai,Sanjay Gandhi National Park,Park,19.2154,72.9100,Outdoor
Mumbai,Bandra-Worli Sea Link,Landmark,18.9762,72.8108,Outdoor
Mumbai,Crawford Market,Market,18.9582,72.8304,Indoor
Mumbai,Prince of Wales Museum,Museum,18.9255,72.8341,Indoor
Mumbai,Hanging Gardens,Park,18.9966,72.8258,Outdoor
Mumbai,Chor Bazaar,Market,18.9550,72.8330,Outdoor
Mumbai,Mani Bhavan,Historic,18.9698,72.8194,Indoor
Mumbai,Nehru Planetarium,Indoor,18.9602,72.8221,Indoor
Mumbai,Gateway Theatre,Theater,18.9220,72.8347,Indoor
Mumbai,Global Vipassana Pagoda,Historic,19.1383,72.8296,Indoor
Mumbai,Mahalaxmi Temple,Historic,18.9828,72.8233,Indoor
Mumbai,Bombay High Court,Landmark,18.9493,72.8321,Indoor
Mumbai,Worli Fort,Historic,18.9825,72.8080,Outdoor
Mumbai,Versova Beach,Recreation,19.1461,72.8081,Outdoor
Mumbai,Haji Ali Park,Park,18.9811,72.8110,Outdoor
Mumbai,Bandra Fort,Historic,19.0543,72.8368,Outdoor
Venice,St. Mark's Basilica,Historic,45.4340,12.3390,Indoor
Venice,Doge's Palace,Historic,45.4336,12.3395,Indoor
Venice,Rialto Bridge,Landmark,45.4380,12.3350,Outdoor
Venice,Grand Canal,Landmark,45.4370,12.3350,Outdoor
Venice,Piazza San Marco,Historic,45.4343,12.3399,Outdoor
Venice,Gallerie dell'Accademia,Museum,45.4340,12.3316,Indoor
Venice,Teatro La Fenice,Theater,45.4346,12.3389,Indoor
Venice,Basilica di Santa Maria della Salute,Historic,45.4330,12.3308,Indoor
Venice,Bridge of Sighs,Historic,45.4334,12.3395,Outdoor
Venice,Lido di Venezia,Recreation,45.4376,12.3654,Outdoor
Venice,Isola di San Giorgio Maggiore,Historic,45.4297,12.3300,Outdoor
Venice,Peggy Guggenheim Collection,Museum,45.4320,12.3361,Indoor
Venice,Ca' Rezzonico,Museum,45.4331,12.3269,Indoor
Venice,Ca' d'Oro,Historic,45.4411,12.3331,Indoor
Venice,Santa Maria dei Miracoli,Historic,45.4405,12.3348,Indoor
Venice,Scuola Grande di San Rocco,Historic,45.4375,12.3280,Indoor
Venice,Punta della Dogana,Museum,45.4328,12.3351,Indoor
Venice,Campo Santa Margherita,Neighborhood,45.4370,12.3239,Outdoor
Venice,Fondaco dei Tedeschi,Historic,45.4378,12.3335,Indoor
Venice,Teatro Toniolo,Theater,45.4370,12.3240,Indoor
Venice,Ghetto di Venezia,Neighborhood,45.4404,12.3270,Outdoor
Venice,Ca' Pesaro,Museum,45.4342,12.3366,Indoor
Venice,Santa Maria Formosa,Historic,45.4375,12.3380,Indoor
Venice,Rialto Market,Market,45.4385,12.3355,Outdoor
Venice,Campo San Polo,Neighborhood,45.4389,12.3315,Outdoor
Lisbon,Belem Tower,Historic,38.6916,-9.2150,Outdoor
Lisbon,Jerónimos Monastery,Historic,38.6970,-9.2066,Indoor
Lisbon,São Jorge Castle,Historic,38.7139,-9.1335,Outdoor
Lisbon,Rossio Square,Neighborhood,38.7170,-9.1397,Outdoor
Lisbon,Baixa District,Neighborhood,38.7125,-9.1398,Outdoor
Lisbon,Alfama Neighborhood,Neighborhood,38.7128,-9.1307,Outdoor
Lisbon,National Tile Museum,Museum,38.7137,-9.1257,Indoor
Lisbon,Carmo Convent,Historic,38.7121,-9.1420,Indoor
Lisbon,Commerce Square,Historic,38.7071,-9.1355,Outdoor
Lisbon,25 de Abril Bridge,Landmark,38.7010,-9.1790,Outdoor
Lisbon,Oceanário de Lisboa,Indoor,38.7639,-9.0930,Indoor
Lisbon,Pena Palace,Historic,38.7879,-9.3900,Outdoor
Lisbon,Museu Nacional de Arte Antiga,Museum,38.7070,-9.1650,Indoor
Lisbon,Chiado Neighborhood,Neighborhood,38.7083,-9.1423,Outdoor
Lisbon,Príncipe Real Garden,Park,38.7163,-9.1451,Outdoor
Lisbon,Elevador de Santa Justa,Landmark,38.7125,-9.1399,Outdoor
Lisbon,Lisbon Cathedral,Historic,38.7099,-9.1331,Indoor
Lisbon,MAAT Museum,Museum,38.6938,-9.1965,Indoor
Lisbon,Bairro Alto,Neighborhood,38.7111,-9.1455,Outdoor
Lisbon,Lisbon Story Centre,Museum,38.7100,-9.1395,Indoor
Lisbon,Gulbenkian Museum,Museum,38.7280,-9.1543,Indoor
Lisbon,Museu do Fado,Museum,38.7105,-9.1335,Indoor
Lisbon,Santo António Church,Historic,38.7130,-9.1390,Indoor
Lisbon,Estufa Fria,Park,38.7531,-9.1655,Outdoor
Lisbon,Campo de Santa Clara,Neighborhood,38.7136,-9.1313,Outdoor
Athens,Acropolis,Historic,37.9715,23.7257,Outdoor
Athens,Parthenon,Historic,37.9715,23.7267,Outdoor
Athens,Acropolis Museum,Museum,37.9686,23.7286,Indoor
Athens,Plaka Neighborhood,Neighborhood,37.9735,23.7340,Outdoor
Athens,Temple of Olympian Zeus,Historic,37.9681,23.7332,Outdoor
Athens,Ancient Agora,Historic,37.9750,23.7229,Outdoor
Athens,National Archaeological Museum,Museum,37.9891,23.7310,Indoor
Athens,Syntagma Square,Neighborhood,37.9755,23.7348,Outdoor
Athens,Panathenaic Stadium,Historic,37.9681,23.7405,Outdoor
Athens,Lycabettus Hill,Landmark,37.9846,23.7490,Outdoor
Athens,Hadrian's Library,Historic,37.9750,23.7370,Outdoor
Athens,Monastiraki Square,Neighborhood,37.9755,23.7229,Outdoor
Athens,National Garden of Athens,Park,37.9750,23.7330,Outdoor
Athens,Byzantine and Christian Museum,Museum,37.9830,23.7400,Indoor
Athens,Museum of Cycladic Art,Museum,37.9783,23.7347,Indoor
Athens,Kerameikos,Historic,37.9801,23.7175,Outdoor
Athens,Gazi District,Neighborhood,37.9943,23.7170,Outdoor
Athens,Stavros Niarchos Foundation Cultural Center,Indoor,37.9364,23.7000,Indoor
Athens,Piraeus Port,Landmark,37.9450,23.6460,Outdoor
Athens,Mount Hymettus,Landmark,37.9367,23.7870,Outdoor
Athens,Municipal Art Gallery,Indoor,37.9795,23.7333,Indoor
Athens,Technopolis,Indoor,37.9940,23.7174,Indoor
Athens,Eleftherios Venizelos Tomb,Historic,37.9376,23.7320,Outdoor
Athens,Olympic Stadium,Historic,37.9961,23.7520,Outdoor
Athens,Athens War Museum,Museum,37.9750,23.7315,Indoor
Kyoto,Kiyomizu-dera,Historic,34.9949,135.7850,Outdoor
Kyoto,Fushimi Inari Taisha,Historic,34.9671,135.7727,Outdoor
Kyoto,Kinkaku-ji,Historic,35.0394,135.7292,Outdoor
Kyoto,Gion District,Neighborhood,35.0037,135.7781,Outdoor
Kyoto,Nijo Castle,Historic,35.0116,135.7470,Indoor
Kyoto,Arashiyama Bamboo Grove,Park,35.0095,135.6671,Outdoor
Kyoto,Kyoto Imperial Palace,Historic,35.0272,135.7629,Outdoor
Kyoto,Ryoan-ji,Park,35.0393,135.7076,Outdoor
Kyoto,Sanjusangen-do,Historic,35.0035,135.7737,Indoor
Kyoto,To-ji Temple,Historic,34.9865,135.7465,Indoor
Kyoto,Philosopher's Walk,Park,35.0261,135.7915,Outdoor
Kyoto,Kiyomizu-Gojo Street,Neighborhood,34.9945,135.7845,Outdoor
Kyoto,Heian Shrine,Historic,35.0132,135.7927,Outdoor
Kyoto,Murinan Garden,Park,35.0041,135.7689,Outdoor
Kyoto,Kamo River,Recreation,35.0113,135.7681,Outdoor
Kyoto,Kyoto National Museum,Museum,34.9875,135.7702,Indoor
Kyoto,Sanjo Bridge,Landmark,35.0010,135.7700,Outdoor
Kyoto,Katsura Imperial Villa,Historic,35.0110,135.6675,Outdoor
Kyoto,Tetsugaku-no-michi,Park,35.0265,135.7917,Outdoor
Kyoto,Nishiki Market,Market,35.0057,135.7670,Outdoor
Kyoto,Shoren-in,Historic,35.0144,135.7783,Indoor
Kyoto,Tofuku-ji,Historic,34.9810,135.7725,Outdoor
Kyoto,Rokuon-ji,Historic,35.0394,135.7292,Outdoor
Kyoto,Kyoto Tower,Landmark,34.9875,135.7594,Outdoor
Kyoto,Yasaka Shrine,Historic,35.0039,135.7785,Outdoor
San Francisco,Golden Gate Bridge,Landmark,37.8199,-122.4783,Outdoor
San Francisco,Alcatraz Island,Historic,37.8267,-122.4230,Outdoor
San Francisco,Fisherman's Wharf,Neighborhood,37.8080,-122.4177,Outdoor
San Francisco,Chinatown,Neighborhood,37.7941,-122.4078,Outdoor
San Francisco,Union Square,Neighborhood,37.7879,-122.4074,Outdoor
San Francisco,Palace of Fine Arts,Historic,37.8021,-122.4487,Outdoor
San Francisco,Coit Tower,Landmark,37.8024,-122.4058,Outdoor
San Francisco,Lombard Street,Landmark,37.8021,-122.4188,Outdoor
San Francisco,Exploratorium,Museum,37.8008,-122.3989,Indoor
San Francisco,Muir Woods,Park,37.8956,-122.5802,Outdoor
San Francisco,Ghirardelli Square,Historic,37.8058,-122.4228,Outdoor
San Francisco,De Young Museum,Museum,37.7715,-122.4687,Indoor
San Francisco,California Academy of Sciences,Museum,37.7699,-122.4661,Indoor
San Francisco,AT&T Park,Landmark,37.7786,-122.3893,Outdoor
San Francisco,San Francisco Museum of Modern Art,Museum,37.7857,-122.4011,Indoor
San Francisco,Painted Ladies,Landmark,37.7760,-122.4326,Outdoor
San Francisco,Haight-Ashbury,Neighborhood,37.7701,-122.4469,Outdoor
San Francisco,Presidio of San Francisco,Park,37.7989,-122.4662,Outdoor
San Francisco,Twin Peaks,Landmark,37.7544,-122.4477,Outdoor
San Francisco,Berkeley Marina,Park,37.8689,-122.3120,Outdoor
San Francisco,Japanese Tea Garden,Park,37.7700,-122.4700,Outdoor
San Francisco,Cable Car Museum,Museum,37.7943,-122.4110,Indoor
San Francisco,Sutro Baths,Historic,37.7805,-122.5136,Outdoor
San Francisco,Crissy Field,Park,37.8044,-122.4645,Outdoor
San Francisco,Ferry Building,Historic,37.7955,-122.3937,Indoor
Prague,Prague Castle,Historic,50.0909,14.4005,Outdoor
Prague,Charles Bridge,Landmark,50.0865,14.4114,Outdoor
Prague,Old Town Square,Neighborhood,50.0870,14.4208,Outdoor
Prague,Astronomical Clock,Historic,50.0870,14.4205,Outdoor
Prague,St. Vitus Cathedral,Historic,50.0903,14.3986,Indoor
Prague,Petrin Hill,Park,50.0833,14.3955,Outdoor
Prague,National Museum,Museum,50.0794,14.4303,Indoor
Prague,Wenceslas Square,Neighborhood,50.0810,14.4259,Outdoor
Prague,Dancing House,Landmark,50.0755,14.4143,Outdoor
Prague,Jewish Quarter,Historic,50.0910,14.4170,Outdoor
Prague,Strahov Monastery,Historic,50.0865,14.3936,Indoor
Prague,Lennon Wall,Landmark,50.0862,14.4066,Outdoor
Prague,Kampa Island,Park,50.0848,14.4032,Outdoor
Prague,National Gallery,Art Museum,50.0900,14.4040,Indoor
Prague,Vyšehrad,Historic,50.0647,14.4173,Outdoor
Prague,Letná Park,Park,50.0922,14.4110,Outdoor
Prague,St. Nicholas Church,Historic,50.0881,14.4040,Indoor
Prague,Powder Tower,Historic,50.0875,14.4240,Outdoor
Prague,Municipal House,Historic,50.0870,14.4250,Indoor
Prague,Church of Our Lady before Týn,Historic,50.0870,14.4210,Indoor
Prague,Karlín District,Neighborhood,50.0900,14.4410,Outdoor
Prague,Vltava River,Landmark,50.0850,14.4200,Outdoor
Prague,Hradčany,Neighborhood,50.0915,14.4000,Outdoor
Prague,Zizkov Television Tower,Landmark,50.0840,14.4486,Outdoor
Prague,National Technical Museum,Museum,50.1025,14.4300,Indoor
Vienna,Schönbrunn Palace,Historic,48.1845,16.3122,Indoor
Vienna,St. Stephen's Cathedral,Historic,48.2085,16.3731,Indoor
Vienna,Hofburg Palace,Historic,48.2060,16.3653,Indoor
Vienna,Belvedere Palace,Historic,48.1916,16.3806,Indoor
Vienna,Kunsthistorisches Museum,Museum,48.2030,16.3610,Indoor
Vienna,Natural History Museum,Museum,48.2030,16.3600,Indoor
Vienna,Prater Park,Park,48.2160,16.3960,Outdoor
Vienna,Vienna State Opera,Theater,48.2026,16.3689,Indoor
Vienna,Albertina Museum,Museum,48.2040,16.3680,Indoor
Vienna,Spanish Riding School,Historic,48.2060,16.3670,Indoor
Vienna,Stephansplatz,Neighborhood,48.2085,16.3731,Outdoor
Vienna,Danube Tower,Landmark,48.2315,16.3992,Outdoor
Vienna,City Hall,Historic,48.2100,16.3600,Indoor
Vienna,Vienna Zoo,Park,48.1845,16.3122,Outdoor
Vienna,Augarten,Park,48.2168,16.3800,Outdoor
Vienna,Maria-Theresien-Platz,Neighborhood,48.2032,16.3610,Outdoor
Vienna,Votive Church,Historic,48.2187,16.3644,Indoor
Vienna,Museum Quartier,Art Museum,48.2035,16.3618,Indoor
Vienna,Hundertwasserhaus,Landmark,48.2360,16.4040,Outdoor
Vienna,Leopold Museum,Museum,48.2038,16.3612,Indoor
Vienna,Donauinsel,Park,48.2210,16.4230,Outdoor
Vienna,Josephinum,Historic,48.2102,16.3581,Indoor
Vienna,Karmeliterplatz,Neighborhood,48.2080,16.3710,Outdoor
Vienna,Schottenkirche,Historic,48.2100,16.3730,Indoor
Vienna,Volksgarten,Park,48.2060,16.3618,Outdoor
Budapest,Buda Castle,Historic,47.4969,19.0396,Outdoor
Budapest,Parliament Building,Historic,47.5076,19.0452,Indoor
Budapest,Chain Bridge,Landmark,47.4980,19.0399,Outdoor
Budapest,Fisherman's Bastion,Historic,47.5020,19.0340,Outdoor
Budapest,St. Stephen's Basilica,Historic,47.5009,19.0544,Indoor
Budapest,Hősök tere,Neighborhood,47.5145,19.0771,Outdoor
Budapest,Andrássy Avenue,Neighborhood,47.5078,19.0533,Outdoor
Budapest,Great Market Hall,Market,47.4920,19.0540,Indoor
Budapest,Gellért Hill,Park,47.4865,19.0380,Outdoor
Budapest,Matthias Church,Historic,47.5011,19.0347,Indoor
Budapest,Central Statistical Office,Historic,47.4965,19.0450,Indoor
Budapest,Heroes Square,Neighborhood,47.5145,19.0771,Outdoor
Budapest,Hospital in the Rock,Historic,47.4975,19.0356,Indoor
Budapest,City Park,Park,47.5163,19.0725,Outdoor
Budapest,Buda Hills,Landmark,47.5200,19.0300,Outdoor
Budapest,House of Terror,Museum,47.4995,19.0563,Indoor
Budapest,Liberty Statue,Landmark,47.4861,19.0478,Outdoor
Budapest,Széchenyi Thermal Bath,Recreation,47.5190,19.0835,Indoor
Budapest,Vajdahunyad Castle,Historic,47.5190,19.0830,Indoor
Budapest,Danube Promenade,Landmark,47.4975,19.0440,Outdoor
Budapest,St. Margaret's Island,Park,47.5336,19.0462,Outdoor
Budapest,Hungarian National Museum,Museum,47.4969,19.0636,Indoor
Budapest,Chain Bridge Lookout,Landmark,47.4980,19.0399,Outdoor
Budapest,Fővám Square,Neighborhood,47.4915,19.0540,Outdoor
Budapest,Rudas Baths,Recreation,47.4869,19.0381,Indoor
Florence,Duomo,Historic,43.7731,11.2560,Indoor
Florence,Uffizi Gallery,Museum,43.7687,11.2550,Indoor
Florence,Ponte Vecchio,Landmark,43.7679,11.2539,Outdoor
Florence,Piazza della Signoria,Square,43.7696,11.2558,Outdoor
Florence,Palazzo Pitti,Historic,43.7646,11.2490,Indoor
Florence,Boboli Gardens,Park,43.7629,11.2480,Outdoor
Florence,Basilica of Santa Croce,Historic,43.7687,11.2632,Indoor
Florence,Bargello Museum,Museum,43.7693,11.2560,Indoor
Florence,Piazzale Michelangelo,Scenic View,43.7625,11.2650,Outdoor
Florence,Santa Maria Novella,Historic,43.7713,11.2542,Indoor
Florence,San Miniato al Monte,Historic,43.7621,11.2595,Indoor
Florence,Medici Chapels,Historic,43.7722,11.2557,Indoor
Florence,Loggia dei Lanzi,Historic,43.7696,11.2561,Outdoor
Florence,Galleria dell'Accademia,Museum,43.7761,11.2590,Indoor
Florence,Santo Spirito,Historic,43.7672,11.2536,Indoor
Florence,Giardino delle Rose,Park,43.7621,11.2655,Outdoor
Florence,Palazzo Vecchio,Historic,43.7696,11.2558,Indoor
Florence,Strozzi Palace,Historic,43.7699,11.2559,Indoor
Florence,San Lorenzo Market,Market,43.7760,11.2581,Outdoor
Florence,Casa Buonarroti,Museum,43.7764,11.2617,Indoor
Florence,Basilica di Santa Trinita,Historic,43.7705,11.2569,Indoor
Florence,Museum of the Opera del Duomo,Museum,43.7736,11.2564,Indoor
Florence,Cappelle Medicee,Historic,43.7722,11.2557,Indoor
Florence,Porta San Niccolò,Landmark,43.7570,11.2630,Outdoor
Florence,Piazza Santa Croce,Square,43.7688,11.2628,Outdoor
Shanghai,The Bund,Landmark,31.2400,121.4900,Outdoor
Shanghai,Oriental Pearl Tower,Landmark,31.2397,121.4998,Indoor
Shanghai,Yu Garden,Historic,31.2275,121.4920,Outdoor
Shanghai,Shanghai Tower,Landmark,31.2336,121.5055,Indoor
Shanghai,Nanjing Road,Shopping,31.2360,121.4780,Outdoor
Shanghai,Jing'an Temple,Temple,31.2234,121.4490,Indoor
Shanghai,Shanghai Museum,Museum,31.2304,121.4749,Indoor
Shanghai,Pudong Riverside Promenade,Park,31.2330,121.5180,Outdoor
Shanghai,Shanghai Disneyland,Theme Park,31.1442,121.6573,Outdoor
Shanghai,French Concession,Neighborhood,31.2153,121.4437,Outdoor
Shanghai,Longhua Temple,Temple,31.1945,121.4375,Indoor
Shanghai,People's Square,Square,31.2304,121.4737,Outdoor
Shanghai,Shanghai Ocean Aquarium,Aquarium,31.2331,121.5034,Indoor
Shanghai,Century Park,Park,31.2185,121.5440,Outdoor
Shanghai,Propaganda Poster Art Centre,Museum,31.2320,121.4452,Indoor
Shanghai,Shanghai Science and Technology Museum,Museum,31.2250,121.5500,Indoor
Shanghai,Shanghai Grand Theatre,Theatre,31.2300,121.4733,Indoor
Shanghai,Tianzifang,Neighborhood,31.2135,121.4853,Outdoor
Shanghai,Shanghai Urban Planning Exhibition Center,Museum,31.2304,121.4737,Indoor
Shanghai,Xintiandi,Neighborhood,31.2202,121.4750,Outdoor
Shanghai,Hongkou Football Stadium,Sports,31.2780,121.4890,Outdoor
Shanghai,Lujiazui Central Green,Park,31.2380,121.5070,Outdoor
Shanghai,Shanghai Circus World,Entertainment,31.2536,121.4391,Indoor
Shanghai,Yan'an Elevated Road Viewpoint,Scenic View,31.2300,121.4700,Outdoor
Shanghai,Shanghai Film Museum,Museum,31.2340,121.4980,Indoor
Montreal,Old Montreal,Neighborhood,45.5020,-73.5540,Outdoor
Montreal,Notre-Dame Basilica,Church,45.5045,-73.5561,Indoor
Montreal,Mont Royal Park,Park,45.5070,-73.5870,Outdoor
Montreal,Montreal Museum of Fine Arts,Museum,45.5048,-73.5773,Indoor
Montreal,Biosphere Environmental Museum,Museum,45.5560,-73.5503,Indoor
Montreal,Pointe-à-Callière Museum,Museum,45.5090,-73.5545,Indoor
Montreal,Jean-Talon Market,Market,45.5373,-73.6180,Outdoor
Montreal,La Ronde,Theme Park,45.5380,-73.5100,Outdoor
Montreal,Habitat 67,Landmark,45.4960,-73.5510,Outdoor
Montreal,St. Joseph's Oratory,Church,45.5046,-73.6182,Indoor
Montreal,Botanical Garden,Park,45.5625,-73.5540,Outdoor
Montreal,Planetarium Rio Tinto Alcan,Planetarium,45.5628,-73.5531,Indoor
Montreal,Phoenix Cinema,Theatre,45.5095,-73.5570,Indoor
Montreal,Chinatown,Neighborhood,45.5090,-73.5610,Outdoor
Montreal,La Grande Roue de Montréal,Observation Wheel,45.5036,-73.5545,Outdoor
Montreal,Parc Jean-Drapeau,Park,45.5185,-73.5260,Outdoor
Montreal,McCord Museum,Museum,45.5047,-73.5663,Indoor
Montreal,Montreal Science Centre,Museum,45.5042,-73.5540,Indoor
Montreal,Bota Bota Spa,Recreation,45.5045,-73.5540,Indoor
Montreal,Pointe-aux-Trembles Lighthouse,Historic,45.6420,-73.5140,Outdoor
Montreal,Redpath Museum,Museum,45.4971,-73.5781,Indoor
Montreal,Bonsecours Market,Market,45.5042,-73.5516,Indoor
Montreal,Parc La Fontaine,Park,45.5270,-73.5810,Outdoor
Montreal,Mount Royal Chalet,Scenic View,45.5075,-73.5870,Outdoor
Montreal,Grande Bibliothèque,Library,45.5161,-73.5536,Indoor
Vancouver,Stanley Park,Park,49.3043,-123.1443,Outdoor
Vancouver,Granville Island,Market,49.2711,-123.1340,Outdoor
Vancouver,Capilano Suspension Bridge,Landmark,49.3423,-123.1149,Outdoor
Vancouver,Science World,Museum,49.2734,-123.1035,Indoor
Vancouver,Vancouver Art Gallery,Museum,49.2827,-123.1207,Indoor
Vancouver,Grouse Mountain,Recreation,49.3780,-123.0822,Outdoor
Vancouver,Queen Elizabeth Park,Park,49.2410,-123.1125,Outdoor
Vancouver,Dr. Sun Yat-Sen Classical Chinese Garden,Historic,49.2830,-123.1102,Outdoor
Vancouver,VanDusen Botanical Garden,Park,49.2344,-123.1380,Outdoor
Vancouver,Robson Street,Shopping,49.2830,-123.1180,Outdoor
Vancouver,BC Place Stadium,Sports,49.2777,-123.1110,Outdoor
Vancouver,Canada Place,Landmark,49.2886,-123.1143,Outdoor
Vancouver,Capilano River Regional Park,Park,49.3577,-123.1145,Outdoor
Vancouver,Gastown,Neighborhood,49.2830,-123.1080,Outdoor
Vancouver,Pacific Centre,Shopping,49.2820,-123.1160,Indoor
Vancouver,Vancouver Aquarium,Museum,49.3046,-123.1300,Indoor
Vancouver,English Bay Beach,Beach,49.2885,-123.1417,Outdoor
Vancouver,False Creek,Waterfront,49.2736,-123.1180,Outdoor
Vancouver,Mount Seymour,Recreation,49.3891,-123.0140,Outdoor
Vancouver,Kitsilano Beach,Beach,49.2731,-123.1556,Outdoor
Vancouver,Vancouver Maritime Museum,Museum,49.3038,-123.1083,Indoor
Vancouver,University of British Columbia,Campus,49.2606,-123.2460,Outdoor
Vancouver,Bloedel Conservatory,Park,49.2410,-123.1125,Indoor
Vancouver,Queen Elizabeth Theatre,Theatre,49.2720,-123.1150,Indoor
Vancouver,Sea to Sky Gondola,Recreation,49.6195,-123.1550,Outdoor
Osaka,Osaka Castle,Historic,34.6873,135.5262,Outdoor
Osaka,Universal Studios Japan,Recreation,34.6654,135.4326,Outdoor
Osaka,Dotonbori,Neighborhood,34.6687,135.5012,Outdoor
Osaka,Umeda Sky Building,Landmark,34.7056,135.4891,Outdoor
Osaka,Shitennoji Temple,Historic,34.6544,135.5160,Indoor
Osaka,Osaka Aquarium Kaiyukan,Museum,34.6545,135.4280,Indoor
Osaka,Sumiyoshi Taisha,Historic,34.6025,135.4956,Outdoor
Osaka,Namba Parks,Shopping,34.6645,135.5020,Outdoor
Osaka,Tsutenkaku Tower,Landmark,34.6526,135.5060,Outdoor
Osaka,Tennoji Zoo,Recreation,34.6533,135.5145,Outdoor
Osaka,Minoo Park,Park,34.8341,135.4705,Outdoor
Osaka,National Museum of Art,Museum,34.6613,135.4940,Indoor
Osaka,Kaiyukan Ferris Wheel,Recreation,34.6545,135.4280,Outdoor
Osaka,Osaka Science Museum,Museum,34.6861,135.5037,Indoor
Osaka,America Mura,Neighborhood,34.6753,135.5012,Outdoor
Osaka,Nagai Park,Park,34.6191,135.5240,Outdoor
Osaka,Osaka Tenmangu Shrine,Historic,34.7058,135.5072,Outdoor
Osaka,Tempozan Harbor Village,Recreation,34.6547,135.4283,Outdoor
Osaka,Kids Plaza Osaka,Museum,34.6795,135.4965,Indoor
Osaka,Hozenji Temple,Historic,34.6641,135.5018,Indoor
Osaka,Kishiwada Castle,Historic,34.4751,135.3607,Outdoor
Osaka,Osaka Municipal Central Gymnasium,Sports,34.6850,135.5070,Indoor
Osaka,Sumiyoshi Park,Park,34.6038,135.4950,Outdoor
Osaka,Shinsaibashi Shopping Arcade,Shopping,34.6738,135.5010,Indoor
Osaka,Expo '70 Commemorative Park,Park,34.8440,135.5633,Outdoor
Helsinki,Suomenlinna Fortress,Historic,60.1451,24.9894,Outdoor
Helsinki,Helsinki Cathedral,Historic,60.1695,24.9520,Outdoor
Helsinki,Temppeliaukio Church,Historic,60.1805,24.9260,Indoor
Helsinki,Market Square,Neighborhood,60.1675,24.9526,Outdoor
Helsinki,Kiasma Museum of Contemporary Art,Museum,60.1690,24.9401,Indoor
Helsinki,Esplanadi Park,Park,60.1697,24.9510,Outdoor
Helsinki,Linnanmäki Amusement Park,Recreation,60.1844,24.9515,Outdoor
Helsinki,Helsinki Zoo,Recreation,60.1793,25.0141,Outdoor
Helsinki,Ateneum Art Museum,Museum,60.1693,24.9402,Indoor
Helsinki,Helsinki Music Centre,Landmark,60.1706,24.9412,Indoor
Helsinki,Seurasaari Open-Air Museum,Historic,60.1917,24.8730,Outdoor
Helsinki,Oodi Central Library,Landmark,60.1712,24.9415,Indoor
Helsinki,Helsinki Olympic Stadium,Sports,60.1841,24.9513,Outdoor
Helsinki,Helsinki Cathedral Steps,Landmark,60.1694,24.9520,Outdoor
Helsinki,Kamppi Chapel,Historic,60.1690,24.9320,Indoor
Helsinki,Havis Amanda,Landmark,60.1686,24.9518,Outdoor
Helsinki,Lapinlahden Lähde,Park,60.1808,24.9220,Outdoor
Helsinki,Helsinki City Museum,Museum,60.1677,24.9455,Indoor
Helsinki,Hietaniemi Beach,Recreation,60.1740,24.9148,Outdoor
Helsinki,Sibelius Monument,Landmark,60.1800,24.9218,Outdoor
Helsinki,Kallio Church,Historic,60.1897,24.9503,Indoor
Helsinki,Design Museum Helsinki,Museum,60.1688,24.9422,Indoor
Helsinki,Linnanmäki Panorama,Recreation,60.1845,24.9515,Outdoor
Helsinki,Old Market Hall,Neighborhood,60.1679,24.9509,Indoor
Helsinki,Kaivopuisto Park,Park,60.1550,24.9610,Outdoor
Copenhagen,Nyhavn,Neighborhood,55.6803,12.5904,Outdoor
Copenhagen,Tivoli Gardens,Recreation,55.6738,12.5680,Outdoor
Copenhagen,The Little Mermaid,Landmark,55.6929,12.5994,Outdoor
Copenhagen,Rosenborg Castle,Historic,55.6850,12.5790,Indoor
Copenhagen,Amalienborg Palace,Historic,55.6853,12.5994,Outdoor
Copenhagen,Strøget,Neighborhood,55.6812,12.5802,Outdoor
Copenhagen,Copenhagen Zoo,Recreation,55.6678,12.5522,Outdoor
Copenhagen,National Museum of Denmark,Museum,55.6756,12.5755,Indoor
Copenhagen,Christiansborg Palace,Historic,55.6758,12.5833,Indoor
Copenhagen,Frederiksberg Gardens,Park,55.6711,12.5300,Outdoor
Copenhagen,Round Tower,Landmark,55.6808,12.5795,Indoor
Copenhagen,Copenhagen Opera House,Landmark,55.6790,12.5994,Indoor
Copenhagen,Assistens Cemetery,Historic,55.6987,12.5528,Outdoor
Copenhagen,Botanisk Have,Park,55.6810,12.5845,Outdoor
Copenhagen,National Gallery of Denmark,Museum,55.6826,12.5939,Indoor
Copenhagen,Carlsberg Brewery,Historic,55.6734,12.5371,Indoor
Copenhagen,Amager Strandpark,Park,55.6516,12.6013,Outdoor
Copenhagen,Copenhagen City Hall,Landmark,55.6759,12.5680,Indoor
Copenhagen,Glyptoteket Museum,Museum,55.6767,12.5713,Indoor
Copenhagen,Kastellet,Historic,55.6920,12.5992,Outdoor
Copenhagen,The David Collection,Museum,55.6833,12.5719,Indoor
Copenhagen,Rundetårn,Landmark,55.6808,12.5795,Indoor
Copenhagen,Amager Nature Park,Park,55.6430,12.6000,Outdoor
Copenhagen,Church of Our Saviour,Historic,55.6765,12.5996,Indoor
Copenhagen,The Royal Danish Playhouse,Landmark,55.6767,12.5926,Indoor
Reykjavik,Hallgrímskirkja,Historic,64.1419,-21.9266,Indoor
Reykjavik,Harpa Concert Hall,Landmark,64.1500,-21.9320,Indoor
Reykjavik,Sun Voyager,Landmark,64.1506,-21.9326,Outdoor
Reykjavik,Laugavegur Street,Neighborhood,64.1450,-21.9411,Outdoor
Reykjavik,Perlan Museum,Museum,64.1282,-21.8983,Indoor
Reykjavik,National Museum of Iceland,Museum,64.1443,-21.9410,Indoor
Reykjavik,Imagine Peace Tower,Landmark,64.1640,-21.9300,Outdoor
Reykjavik,Tjörnin Lake,Park,64.1472,-21.9421,Outdoor
Reykjavik,Reykjavik Maritime Museum,Museum,64.1473,-21.9345,Indoor
Reykjavik,Árbæjarsafn Open Air Museum,Historic,64.1285,-21.8953,Outdoor
Reykjavik,Arbaer Town,Neighborhood,64.1300,-21.8880,Outdoor
Reykjavik,Grotta Lighthouse,Landmark,64.1551,-22.0022,Outdoor
Reykjavik,Heidmork Nature Reserve,Park,64.1261,-21.9507,Outdoor
Reykjavik,National Gallery of Iceland,Museum,64.1442,-21.9411,Indoor
Reykjavik,Old Harbour,Neighborhood,64.1500,-21.9345,Outdoor
Reykjavik,Höfði House,Historic,64.1495,-21.9330,Indoor
Reykjavik,Reykjavik Botanical Garden,Park,64.1511,-21.9032,Outdoor
Reykjavik,Perlan Observation Deck,Landmark,64.1282,-21.8983,Indoor
Reykjavik,City Hall,Landmark,64.1460,-21.9423,Indoor
Reykjavik,Reykjavik Art Museum,Museum,64.1462,-21.9223,Indoor
Reykjavik,Elliðaárdalur Park,Park,64.1340,-21.8810,Outdoor
Reykjavik,Landakotskirkja,Historic,64.1467,-21.9482,Indoor
Reykjavik,Kringlan Shopping Center,Neighborhood,64.1380,-21.8885,Indoor
Reykjavik,Reykjavik City Library,Landmark,64.1440,-21.9390,Indoor
Reykjavik,Solfar Sculpture,Landmark,64.1507,-21.9330,Outdoor
Oslo,Vigeland Park,Park,59.9269,10.6996,Outdoor
Oslo,Oslo Opera House,Landmark,59.9076,10.7532,Indoor
Oslo,Akershus Fortress,Historic,59.9072,10.7382,Outdoor
Oslo,Munch Museum,Museum,59.9156,10.7619,Indoor
Oslo,Holmenkollen Ski Museum,Historic,59.9670,10.6689,Indoor
Oslo,Oslo City Hall,Landmark,59.9115,10.7382,Indoor
Oslo,Nobel Peace Center,Landmark,59.9113,10.7386,Indoor
Oslo,Aker Brygge,Neighborhood,59.9089,10.7230,Outdoor
Oslo,Bygdøy Peninsula,Park,59.9069,10.6694,Outdoor
Oslo,Kon-Tiki Museum,Museum,59.9058,10.6680,Indoor
Oslo,National Gallery,Museum,59.9160,10.7350,Indoor
Oslo,Parliament of Norway,Landmark,59.9121,10.7346,Indoor
Oslo,Fram Museum,Museum,59.9076,10.6670,Indoor
Oslo,Vigeland Museum,Museum,59.9267,10.7012,Indoor
Oslo,Oslo Botanical Garden,Park,59.9250,10.7215,Outdoor
Oslo,Edvard Munch's House,Historic,59.9120,10.7440,Indoor
Oslo,Norsk Folkemuseum,Historic,59.9074,10.6674,Outdoor
Oslo,Operataket Roof,Landmark,59.9076,10.7532,Outdoor
Oslo,Stortinget,Landmark,59.9121,10.7346,Indoor
Oslo,City Library,Landmark,59.9110,10.7370,Indoor
Oslo,Viking Ship Museum,Historic,59.9062,10.6690,Indoor
Oslo,Mathallen Food Hall,Neighborhood,59.9182,10.7553,Indoor
Oslo,Frogner Park,Park,59.9271,10.7085,Outdoor
Oslo,Oscarshall Palace,Historic,59.9241,10.6895,Outdoor
Oslo,National Museum,Art Museum,59.9150,10.7390,Indoor
Stockholm,Vasa Museum,Museum,59.3275,18.0912,Indoor
Stockholm,Skansen Open-Air Museum,Historic,59.3270,18.0971,Outdoor
Stockholm,Royal Palace,Historic,59.3277,18.0710,Indoor
Stockholm,ABBA Museum,Museum,59.3272,18.0920,Indoor
Stockholm,Stortorget Square,Neighborhood,59.3258,18.0714,Outdoor
Stockholm,Drottningholm Palace,Historic,59.3201,17.8865,Outdoor
Stockholm,Gamla Stan,Neighborhood,59.3240,18.0700,Outdoor
Stockholm,City Hall,Landmark,59.3275,18.0585,Indoor
Stockholm,Moderna Museet,Museum,59.3248,18.0847,Indoor
Stockholm,Gröna Lund,Recreation,59.3233,18.0970,Outdoor
Stockholm,Kungsträdgården Park,Park,59.3300,18.0730,Outdoor
Stockholm,Nationalmuseum,Museum,59.3260,18.0700,Indoor
Stockholm,Ericsson Globe,Landmark,59.2942,18.0838,Indoor
Stockholm,Old Town Bridge,Landmark,59.3245,18.0720,Outdoor
Stockholm,Ridderholmen Church,Historic,59.3230,18.0665,Indoor
Stockholm,Sergels Torg,Neighborhood,59.3326,18.0649,Outdoor
Stockholm,Fotografiska Museum,Museum,59.3197,18.0833,Indoor
Stockholm,Haga Park,Park,59.3686,18.0080,Outdoor
Stockholm,Observatorielunden Park,Park,59.3345,18.0487,Outdoor
Stockholm,The Royal Swedish Opera,Landmark,59.3325,18.0640,Indoor
Stockholm,Stockholm Cathedral,Historic,59.3256,18.0717,Indoor
Stockholm,Royal Dramatic Theatre,Landmark,59.3323,18.0643,Indoor
Stockholm,Strandvägen,Neighborhood,59.3342,18.0870,Outdoor
Stockholm,Kungliga Biblioteket,Landmark,59.3345,18.0577,Indoor
Stockholm,National Library Park,Park,59.3348,18.0575,Outdoor
Edinburgh,Edinburgh Castle,Historic,55.9486,-3.1999,Indoor
Edinburgh,Royal Mile,Neighborhood,55.9490,-3.1910,Outdoor
Edinburgh,Arthur's Seat,Park,55.9440,-3.1610,Outdoor
Edinburgh,Holyrood Palace,Historic,55.9522,-3.1722,Indoor
Edinburgh,Scottish National Gallery,Museum,55.9490,-3.1935,Indoor
Edinburgh,Camera Obscura,Recreation,55.9505,-3.1940,Indoor
Edinburgh,Princes Street Gardens,Park,55.9485,-3.2010,Outdoor
Edinburgh,National Museum of Scotland,Museum,55.9465,-3.1900,Indoor
Edinburgh,Calton Hill,Landmark,55.9560,-3.1840,Outdoor
Edinburgh,The Real Mary King's Close,Historic,55.9497,-3.1925,Indoor
Edinburgh,St Giles' Cathedral,Historic,55.9492,-3.1908,Indoor
Edinburgh,Scott Monument,Landmark,55.9490,-3.1950,Outdoor
Edinburgh,Grassmarket,Neighborhood,55.9456,-3.2000,Outdoor
Edinburgh,Palace of Holyroodhouse Gardens,Park,55.9525,-3.1720,Outdoor
Edinburgh,Museum of Edinburgh,Museum,55.9485,-3.1940,Indoor
Edinburgh,Edinburgh Dungeon,Recreation,55.9495,-3.1912,Indoor
Edinburgh,Balmoral Hotel,Landmark,55.9500,-3.1905,Indoor
Edinburgh,Dean Village,Neighborhood,55.9508,-3.2240,Outdoor
Edinburgh,The Scotch Whisky Experience,Recreation,55.9493,-3.1911,Indoor
Edinburgh,Surgeons' Hall Museums,Museum,55.9495,-3.1890,Indoor
Edinburgh,National Library of Scotland,Landmark,55.9488,-3.1905,Indoor
Edinburgh,Portobello Beach,Park,55.9611,-3.1290,Outdoor
Edinburgh,Royal Botanic Garden,Park,55.9690,-3.2030,Outdoor
Edinburgh,University of Edinburgh,Landmark,55.9447,-3.1880,Indoor
Edinburgh,Dinosaurs Gallery,Recreation,55.9460,-3.1920,Indoor
Krakow,Wawel Castle,Historic,50.0547,19.9352,Indoor
Krakow,Main Market Square,Neighborhood,50.0614,19.9360,Outdoor
Krakow,St. Mary's Basilica,Historic,50.0611,19.9375,Indoor
Krakow,Cloth Hall,Historic,50.0612,19.9368,Indoor
Krakow,Schindler's Factory Museum,Museum,50.0480,19.9607,Indoor
Krakow,Planty Park,Park,50.0600,19.9400,Outdoor
Krakow,Barbican,Historic,50.0610,19.9425,Outdoor
Krakow,Jewish Quarter Kazimierz,Neighborhood,50.0510,19.9440,Outdoor
Krakow,St. Florian's Gate,Historic,50.0655,19.9460,Outdoor
Krakow,Wieliczka Salt Mine,Historic,49.9877,20.0646,Indoor
Krakow,Pope John Paul II International Airport,Landmark,50.0777,19.7841,Indoor
Krakow,Nowa Huta,Neighborhood,50.0840,20.0650,Outdoor
Krakow,Krakow Zoo,Recreation,50.0510,19.9580,Outdoor
Krakow,National Museum,Indoor,50.0585,19.9385,Indoor
Krakow,Kościuszko Mound,Landmark,50.0797,19.9333,Outdoor
Krakow,Mariacki Church,Historic,50.0611,19.9375,Indoor
Krakow,St. Peter and Paul Church,Historic,50.0560,19.9310,Indoor
Krakow,Kazimierz Synagogue,Historic,50.0505,19.9445,Indoor
Krakow,Polish Aviation Museum,Museum,50.0512,19.8970,Indoor
Krakow,Lost Souls Alley,Recreation,50.0620,19.9360,Indoor
Krakow,Main Train Station,Landmark,50.0647,19.9250,Indoor
Krakow,Dragon's Den,Landmark,50.0530,19.9350,Outdoor
Krakow,Park Bednarskiego,Park,50.0580,19.9430,Outdoor
Krakow,City Theatre,Landmark,50.0640,19.9365,Indoor
Krakow,Czartoryski Museum,Museum,50.0575,19.9390,Indoor
Nice,Promenade des Anglais,Neighborhood,43.6950,7.2710,Outdoor
Nice,Castle Hill,Park,43.6952,7.2733,Outdoor
Nice,Marc Chagall National Museum,Museum,43.7104,7.2650,Indoor
Nice,Matisse Museum,Museum,43.7275,7.2560,Indoor
Nice,Old Town Vieux Nice,Neighborhood,43.6960,7.2715,Outdoor
Nice,Cimiez Monastery,Historic,43.7210,7.2735,Indoor
Nice,Nice Cathedral,Historic,43.6967,7.2713,Indoor
Nice,Place Massena,Neighborhood,43.6961,7.2714,Outdoor
Nice,Parc Phoenix,Park,43.6600,7.2100,Outdoor
Nice,Musée des Beaux-Arts de Nice,Museum,43.7010,7.2655,Indoor
Nice,Port Lympia,Neighborhood,43.6958,7.2661,Outdoor
Nice,Colline du Château,Park,43.6952,7.2733,Outdoor
Nice,Palais Lascaris,Historic,43.6983,7.2781,Indoor
Nice,Place Garibaldi,Neighborhood,43.6985,7.2778,Outdoor
Nice,Cap-Ferrat,Park,43.6931,7.3082,Outdoor
Nice,Musée de la Photographie,Indoor,43.6948,7.2765,Indoor
Nice,Opéra de Nice,Landmark,43.7010,7.2630,Indoor
Nice,Parc du Mont Boron,Park,43.6883,7.2883,Outdoor
Nice,Fort du Mont Alban,Historic,43.7005,7.2720,Outdoor
Nice,Place Rossetti,Neighborhood,43.6967,7.2740,Outdoor
Nice,Musée d'Art Moderne et d'Art Contemporain,Museum,43.6990,7.2710,Indoor
Nice,Chagall Gardens,Park,43.7100,7.2650,Outdoor
Nice,Port Vauban,Neighborhood,43.6735,7.2167,Outdoor
Nice,Mont Boron Cemetery,Historic,43.6883,7.2883,Outdoor
Nice,Parc de la Colline,Park,43.6950,7.2730,Outdoor
Zurich,Old Town (Altstadt),Neighborhood,47.3782,8.5400,Outdoor
Zurich,Grossmünster,Historic,47.3690,8.5417,Indoor
Zurich,Swiss National Museum,Museum,47.3783,8.5403,Indoor
Zurich,Lake Zurich,Park,47.3477,8.5175,Outdoor
Zurich,Uetliberg,Park,47.3416,8.5252,Outdoor
Zurich,Bahnhofstrasse,Neighborhood,47.3782,8.5402,Outdoor
Zurich,Kunsthaus Zürich,Museum,47.3708,8.5481,Indoor
Zurich,St. Peter's Church,Historic,47.3710,8.5423,Indoor
Zurich,Zurich Zoo,Recreation,47.3971,8.5436,Outdoor
Zurich,Opernhaus Zürich,Landmark,47.3745,8.5450,Indoor
Zurich,Paradeplatz,Neighborhood,47.3716,8.5410,Outdoor
Zurich,Bahnhofquai,Neighborhood,47.3785,8.5403,Outdoor
Zurich,Sechseläutenplatz,Park,47.3705,8.5455,Outdoor
Zurich,Fraumünster,Historic,47.3711,8.5434,Indoor
Zurich,Polybahn,Landmark,47.3706,8.5457,Outdoor
Zurich,ETH Zurich,Landmark,47.3769,8.5481,Indoor
Zurich,University of Zurich,Landmark,47.3756,8.5486,Indoor
Zurich,Bellerive Museum,Museum,47.3657,8.5711,Indoor
Zurich,Chinese Garden,Park,47.3790,8.5600,Outdoor
Zurich,Irchelpark,Park,47.3840,8.5520,Outdoor
Zurich,Zurich Botanical Garden,Park,47.3798,8.5447,Outdoor
Zurich,Sihlquai,Neighborhood,47.3790,8.5410,Outdoor
Zurich,Quaibrücke,Landmark,47.3689,8.5415,Outdoor
Zurich,Kreis 4,Neighborhood,47.3720,8.5410,Outdoor
Zurich,Wasserkirche,Historic,47.3709,8.5409,Indoor
Valencia,City of Arts and Sciences,Landmark,39.4547,-0.3540,Indoor
Valencia,Valencia Cathedral,Historic,39.4751,-0.3769,Indoor
Valencia,Lonja de la Seda,Historic,39.4756,-0.3762,Indoor
Valencia,Turia Gardens,Park,39.4698,-0.3774,Outdoor
Valencia,Central Market,Recreation,39.4756,-0.3760,Indoor
Valencia,Oceanogràfic,Recreation,39.4542,-0.3510,Indoor
Valencia,Plaza de la Virgen,Neighborhood,39.4751,-0.3769,Outdoor
Valencia,Bioparc Valencia,Recreation,39.4650,-0.3605,Outdoor
Valencia,Albufera Natural Park,Park,39.3300,-0.3500,Outdoor
Valencia,Palau de la Música,Landmark,39.4760,-0.3750,Indoor
Valencia,Silk Exchange,Historic,39.4755,-0.3762,Indoor
Valencia,La Lonja,Historic,39.4755,-0.3762,Indoor
Valencia,Torres de Serranos,Historic,39.4800,-0.3710,Outdoor
Valencia,Torres de Quart,Historic,39.4780,-0.3780,Outdoor
Valencia,Plaza del Ayuntamiento,Neighborhood,39.4699,-0.3753,Outdoor
Valencia,Malvarrosa Beach,Park,39.4780,-0.3250,Outdoor
Valencia,Gulliver Park,Recreation,39.4575,-0.3720,Outdoor
Valencia,Valencia Museum of Fine Arts,Museum,39.4740,-0.3730,Indoor
Valencia,IVAM Museum,Museum,39.4715,-0.3790,Indoor
Valencia,Palau de les Arts Reina Sofía,Landmark,39.4531,-0.3507,Indoor
Valencia,Mercado Colón,Recreation,39.4755,-0.3755,Indoor
Valencia,Plaza de Toros,Recreation,39.4722,-0.3775,Indoor
Valencia,Parque Cabecera,Park,39.4740,-0.3980,Outdoor
Valencia,Jardín del Turia,Park,39.4700,-0.3790,Outdoor
Valencia,Monastery of San Miguel de los Reyes,Historic,39.4810,-0.3570,Indoor
Hanoi,Hoan Kiem Lake,Park,21.0285,105.8540,Outdoor
Hanoi,Old Quarter,Neighborhood,21.0300,105.8500,Outdoor
Hanoi,Hanoi Opera House,Landmark,21.0285,105.8533,Indoor
Hanoi,Temple of Literature,Historic,21.0285,105.8355,Indoor
Hanoi,Ho Chi Minh Mausoleum,Historic,21.0380,105.8340,Indoor
Hanoi,West Lake,Park,21.0640,105.8190,Outdoor
Hanoi,One Pillar Pagoda,Historic,21.0331,105.8361,Indoor
Hanoi,Thang Long Imperial Citadel,Historic,21.0360,105.8350,Indoor
Hanoi,Quan Thanh Temple,Historic,21.0420,105.8260,Indoor
Hanoi,St. Joseph's Cathedral,Historic,21.0285,105.8410,Indoor
Hanoi,National Museum of Vietnamese History,Museum,21.0320,105.8350,Indoor
Hanoi,West Lake Water Park,Recreation,21.0635,105.8190,Outdoor
Hanoi,Long Bien Bridge,Landmark,21.0410,105.8850,Outdoor
Hanoi,Vietnam Museum of Ethnology,Museum,21.0380,105.7900,Indoor
Hanoi,Ba Dinh Square,Neighborhood,21.0370,105.8340,Outdoor
Hanoi,Tran Quoc Pagoda,Historic,21.0500,105.8420,Indoor
Hanoi,Thien Quang Pagoda,Historic,21.0270,105.8350,Indoor
Hanoi,West Lake Flower Park,Park,21.0610,105.8200,Outdoor
Hanoi,Hanoi Night Market,Neighborhood,21.0300,105.8500,Outdoor
Hanoi,Ho Tay Water Park,Recreation,21.0620,105.8190,Outdoor
Hanoi,Quan Su Pagoda,Historic,21.0320,105.8410,Indoor
Hanoi,Hanoi Botanical Garden,Park,21.0370,105.8350,Outdoor
Hanoi,Vietnam Military History Museum,Museum,21.0360,105.8350,Indoor
Hanoi,Presidential Palace,Historic,21.0375,105.8345,Indoor
Hanoi,Ho Chi Minh Museum,Museum,21.0377,105.8350,Indoor
Doha,Museum of Islamic Art,Museum,25.2958,51.5310,Indoor
Doha,The Pearl-Qatar,Neighborhood,25.4030,51.5135,Outdoor
Doha,Souq Waqif,Neighborhood,25.2867,51.5330,Outdoor
Doha,Corniche,Park,25.2840,51.5310,Outdoor
Doha,Khalifa International Stadium,Landmark,25.2960,51.5320,Outdoor
Doha,Katara Cultural Village,Recreation,25.3515,51.5335,Outdoor
Doha,National Museum of Qatar,Museum,25.3280,51.5250,Indoor
Doha,Msheireb Museums,Museum,25.2810,51.5220,Indoor
Doha,Aspire Park,Park,25.2670,51.4480,Outdoor
Doha,Doha Festival City,Recreation,25.3845,51.5460,Indoor
Doha,Al Zubarah Fort,Historic,25.9383,51.1817,Outdoor
Doha,Doha Zoo,Recreation,25.2750,51.4980,Outdoor
Doha,Al Bidda Park,Park,25.2965,51.5340,Outdoor
Doha,Wadi Al Safa Park,Park,25.2820,51.5300,Outdoor
Doha,Barzan Towers,Historic,25.6186,51.2987,Outdoor
Doha,Sealine Beach Resort,Park,25.0660,51.5460,Outdoor
Doha,Village Mall,Recreation,25.3310,51.4500,Indoor
Doha,Al Wakrah Souq,Neighborhood,25.1640,51.6030,Outdoor
Doha,Mathaf: Arab Museum of Modern Art,Museum,25.3200,51.5170,Indoor
Doha,Al Thumama Stadium,Landmark,25.2600,51.5300,Outdoor
Doha,Al Rayyan Stadium,Landmark,25.3450,51.4410,Outdoor
Doha,Doha Corniche Park,Park,25.2860,51.5330,Outdoor
Doha,Doha Lighthouse,Landmark,25.2900,51.5200,Outdoor
Doha,The Gate Mall,Recreation,25.2960,51.5220,Indoor
Doha,Al Koot Fort,Historic,25.2850,51.5330,Outdoor
Kuala Lumpur,Petronas Twin Towers,Landmark,3.1579,101.7121,Indoor
Kuala Lumpur,Batu Caves,Historic,3.2379,101.6846,Outdoor
Kuala Lumpur,KL Tower,Landmark,3.1528,101.7030,Indoor
Kuala Lumpur,Merdeka Square,Neighborhood,3.1490,101.6950,Outdoor
Kuala Lumpur,National Mosque,Historic,3.1412,101.6940,Indoor
Kuala Lumpur,Thean Hou Temple,Historic,3.1444,101.6865,Indoor
Kuala Lumpur,Central Market,Recreation,3.1477,101.6950,Indoor
Kuala Lumpur,KL Bird Park,Recreation,3.1500,101.7030,Outdoor
Kuala Lumpur,Islamic Arts Museum, Museum,3.1461,101.6952,Indoor
Kuala Lumpur,Sunway Lagoon,Recreation,3.0687,101.6061,Outdoor
Kuala Lumpur,Bukit Bintang,Neighborhood,3.1450,101.7120,Outdoor
Kuala Lumpur,National Palace,Landmark,3.1522,101.6957,Indoor
Kuala Lumpur,Titiwangsa Lake Gardens,Park,3.1710,101.7040,Outdoor
Kuala Lumpur,Petaling Street,Neighborhood,3.1428,101.6953,Outdoor
Kuala Lumpur,Perdana Botanical Garden,Park,3.1500,101.6950,Outdoor
Kuala Lumpur,National Museum,Museum,3.1475,101.6936,Indoor
Kuala Lumpur,Mah Meri Cultural Village,Recreation,2.7000,101.4500,Outdoor
Kuala Lumpur,KLCC Park,Park,3.1580,101.7120,Outdoor
Kuala Lumpur,Chinatown,Neighborhood,3.1428,101.6953,Outdoor
Kuala Lumpur,Bukit Nanas Forest Reserve,Park,3.1500,101.7120,Outdoor
Kuala Lumpur,Islamic Arts Museum, Museum,3.1461,101.6952,Indoor
Kuala Lumpur,Aquaria KLCC,Recreation,3.1551,101.7116,Indoor
Kuala Lumpur,Petronas Art Gallery,Museum,3.1570,101.7120,Indoor
Kuala Lumpur,National Textile Museum,Museum,3.1473,101.6950,Indoor
Kuala Lumpur,KL Eco Park,Park,3.1532,101.7121,Outdoor
Lima,Plaza Mayor,Neighborhood,-12.0464,-77.0300,Outdoor
Lima,Huaca Pucllana,Historic,-12.1100,-77.0320,Outdoor
Lima,Parque Kennedy,Park,-12.1210,-77.0300,Outdoor
Lima,Miraflores Boardwalk,Park,-12.1215,-77.0300,Outdoor
Lima,Larco Museum,Museum,-12.0697,-77.1723,Indoor
Lima,Barranco District,Neighborhood,-12.1500,-77.0200,Outdoor
Lima,Magic Water Circuit,Recreation,-12.0707,-77.0330,Outdoor
Lima,Catedral de Lima,Historic,-12.0460,-77.0300,Indoor
Lima,Parque de la Reserva,Park,-12.0700,-77.0330,Outdoor
Lima,Mateo Salado Fort,Historic,-12.0430,-77.0250,Indoor
Lima,National Museum of Archaeology,Museum,-12.0600,-77.0280,Indoor
Lima,Parque del Amor,Park,-12.1215,-77.0305,Outdoor
Lima,Puente de los Suspiros,Neighborhood,-12.1500,-77.0205,Outdoor
Lima,Catacombs of San Francisco,Historic,-12.0467,-77.0305,Indoor
Lima,Parque de la Exposición,Park,-12.0610,-77.0290,Outdoor
Lima,San Isidro District,Neighborhood,-12.1000,-77.0370,Outdoor
Lima,Palacio de Gobierno,Historic,-12.0460,-77.0300,Indoor
Lima,Barranco Art District,Recreation,-12.1500,-77.0195,Outdoor
Lima,National Library of Peru,Landmark,-12.0460,-77.0300,Indoor
Lima,Larcomar,Recreation,-12.1215,-77.0300,Indoor
Lima,Malecón de Miraflores,Park,-12.1210,-77.0300,Outdoor
Lima,Plaza San Martin,Neighborhood,-12.0467,-77.0305,Outdoor
Lima,El Olivar Park,Park,-12.1100,-77.0300,Outdoor
Lima,Parque Reducto,Park,-12.1050,-77.0300,Outdoor
Lima,Magic Fountain,Recreation,-12.0707,-77.0330,Outdoor
Brussels,Grand Place,Neighborhood,50.8467,4.3499,Outdoor
Brussels,Atomium,Landmark,50.8960,4.3415,Indoor
Brussels,Manneken Pis,Landmark,50.8448,4.3496,Outdoor
Brussels,Mont des Arts,Park,50.8450,4.3575,Outdoor
Brussels,Museum of Musical Instruments,Museum,50.8462,4.3520,Indoor
Brussels,Magritte Museum,Museum,50.8445,4.3575,Indoor
Brussels,Belgian Comic Strip Center,Museum,50.8455,4.3570,Indoor
Brussels,Palace of Justice,Landmark,50.8457,4.3528,Indoor
Brussels,Parc de Bruxelles,Park,50.8419,4.3575,Outdoor
Brussels,Sablon,Neighborhood,50.8440,4.3440,Outdoor
Brussels,European Parliament,Landmark,50.8412,4.3662,Indoor
Brussels,Botanical Garden,Park,50.8490,4.3520,Outdoor
Brussels,St. Michael and St. Gudula Cathedral,Historic,50.8465,4.3570,Indoor
Brussels,Museum of Cocoa and Chocolate,Museum,50.8500,4.3510,Indoor
Brussels,Horta Museum,Museum,50.8390,4.3600,Indoor
Brussels,Bozar,Recreation,50.8461,4.3565,Indoor
Brussels,Royal Palace,Historic,50.8428,4.3572,Indoor
Brussels,Jeanneke Pis,Landmark,50.8450,4.3510,Outdoor
Brussels,Parc du Cinquantenaire,Park,50.8417,4.3983,Outdoor
Brussels,Place Royale,Neighborhood,50.8435,4.3580,Outdoor
Brussels,Palais de la Dynastie,Historic,50.8420,4.3580,Indoor
Brussels,Mini-Europe,Recreation,50.8950,4.3410,Outdoor
Brussels,Parc de Laeken,Park,50.8790,4.3600,Outdoor
Brussels,Church of Our Blessed Lady of the Sablon,Historic,50.8440,4.3435,Indoor
Brussels,Halle Gate,Historic,50.8460,4.3520,Indoor
Dublin,Trinity College,Historic,53.3438,-6.2546,Indoor
Dublin,Book of Kells,Museum,53.3440,-6.2540,Indoor
Dublin,Dublin Castle,Historic,53.3425,-6.2672,Indoor
Dublin,Guinness Storehouse,Recreation,53.3419,-6.2866,Indoor
Dublin,St. Patrick's Cathedral,Historic,53.3394,-6.2711,Indoor
Dublin,Christ Church Cathedral,Historic,53.3430,-6.2710,Indoor
Dublin,Grafton Street,Neighborhood,53.3382,-6.2593,Outdoor
Dublin,Merrion Square,Park,53.3398,-6.2496,Outdoor
Dublin,Temple Bar,Neighborhood,53.3450,-6.2620,Outdoor
Dublin,National Gallery of Ireland,Museum,53.3395,-6.2545,Indoor
Dublin,Phoenix Park,Park,53.3550,-6.3290,Outdoor
Dublin,Dublin Zoo,Recreation,53.3550,-6.3290,Outdoor
Dublin,National Museum of Ireland,Museum,53.3400,-6.2540,Indoor
Dublin,Aviva Stadium,Recreation,53.3340,-6.2280,Outdoor
Dublin,Custom House,Historic,53.3472,-6.2460,Indoor
Dublin,Hellfire Club,Historic,53.2720,-6.3000,Outdoor
Dublin,Irish Museum of Modern Art,Museum,53.3380,-6.3070,Indoor
Dublin,Royal Hospital Kilmainham,Historic,53.3385,-6.3075,Indoor
Dublin,Dublin Writers Museum,Museum,53.3410,-6.2580,Indoor
Dublin,National Botanic Gardens,Park,53.3890,-6.2910,Outdoor
Dublin,Malahide Castle,Historic,53.4500,-6.1520,Indoor
Dublin,Howth Head,Park,53.3865,-6.0650,Outdoor
Dublin,Mountjoy Square,Park,53.3530,-6.2580,Outdoor
Dublin,Christ Church Crypt,Historic,53.3430,-6.2710,Indoor
Dublin,The Little Museum of Dublin,Museum,53.3415,-6.2590,Indoor
Warsaw,Old Town Market Square,Neighborhood,52.2475,21.0122,Outdoor
Warsaw,Warsaw Royal Castle,Historic,52.2478,21.0132,Indoor
Warsaw,Lazienki Park,Park,52.2143,21.0342,Outdoor
Warsaw,Palace of Culture and Science,Landmark,52.2312,21.0061,Indoor
Warsaw,National Museum in Warsaw,Museum,52.2310,21.0080,Indoor
Warsaw,Wilanow Palace,Historic,52.1920,21.1160,Indoor
Warsaw,Praga District,Neighborhood,52.2570,21.0410,Outdoor
Warsaw,Zlote Tarasy,Recreation,52.2290,21.0100,Indoor
Warsaw,Copernicus Science Centre,Recreation,52.2380,21.0250,Indoor
Warsaw,Powazki Cemetery,Park,52.2510,20.9880,Outdoor
Warsaw,Museum of the History of Polish Jews,Museum,52.2455,21.0075,Indoor
Warsaw,Frederic Chopin Museum,Museum,52.2302,21.0088,Indoor
Warsaw,National Philharmonic,Recreation,52.2370,21.0120,Indoor
Warsaw,Castle Square,Neighborhood,52.2470,21.0130,Outdoor
Warsaw,Krakowskie Przedmiescie,Neighborhood,52.2475,21.0160,Outdoor
Warsaw,St. Anne's Church,Historic,52.2470,21.0155,Indoor
Warsaw,Ujazdowski Castle,Historic,52.2130,21.0300,Indoor
Warsaw,Plac Zamkowy,Neighborhood,52.2478,21.0130,Outdoor
Warsaw,National Stadium,Recreation,52.2390,21.0480,Outdoor
Warsaw,Warsaw University,Historic,52.2435,21.0160,Indoor
Warsaw,Vistula Boulevards,Park,52.2360,21.0400,Outdoor
Warsaw,Warsaw Uprising Museum,Museum,52.2320,21.0070,Indoor
Warsaw,Nowy Swiat Street,Neighborhood,52.2465,21.0170,Outdoor
Warsaw,Polin Museum,Museum,52.2470,21.0070,Indoor
Warsaw,Multimedia Fountain Park,Park,52.2385,21.0140,Outdoor